inf,inf,inf,inf,inf,inf,inf,inf,inf,inf,inf,inf
inf,inf,inf,inf,inf,inf,inf,inf,inf,inf,inf,inf
inf,inf,inf,inf,inf,inf,inf,inf,2.307977660462896541e+00,2.307977660462896541e+00,2.307977660462896541e+00,2.307977660462896541e+00
inf,inf,inf,inf,inf,inf,inf,inf,inf,inf,inf,inf
inf,inf,inf,inf,inf,inf,inf,inf,inf,inf,inf,inf
inf,inf,inf,inf,inf,inf,inf,inf,inf,inf,inf,inf
inf,inf,inf,inf,inf,inf,inf,inf,inf,inf,inf,inf
inf,inf,inf,inf,inf,inf,inf,inf,inf,inf,inf,inf
inf,inf,inf,inf,inf,inf,inf,inf,inf,inf,inf,inf
inf,inf,inf,inf,inf,inf,inf,inf,inf,inf,inf,inf
inf,inf,inf,inf,inf,inf,inf,inf,inf,inf,2.513651525093453909e+00,2.513651525093453909e+00
inf,inf,inf,inf,inf,inf,inf,inf,inf,inf,inf,inf
inf,inf,inf,inf,inf,inf,inf,inf,inf,inf,inf,inf
inf,inf,inf,inf,inf,inf,inf,inf,inf,3.562109778891275003e+00,3.562109778891275003e+00,3.562109778891275003e+00
inf,inf,inf,inf,inf,inf,inf,inf,inf,inf,inf,inf
inf,inf,inf,inf,inf,inf,inf,inf,1.451318052572973638e+00,1.451318052572973638e+00,1.451318052572973638e+00,1.451318052572973638e+00
inf,inf,inf,inf,inf,inf,inf,1.363120625546806464e+00,1.363120625546806464e+00,1.363120625546806464e+00,1.363120625546806464e+00,1.363120625546806464e+00
inf,inf,inf,inf,inf,inf,inf,inf,inf,inf,inf,inf
inf,inf,inf,inf,inf,inf,inf,inf,inf,inf,inf,inf
inf,inf,inf,inf,inf,inf,inf,inf,inf,inf,inf,inf
inf,inf,inf,inf,inf,inf,inf,inf,inf,inf,inf,inf
inf,inf,inf,inf,inf,inf,inf,inf,inf,inf,6.084336226437604189e+00,4.942255975105384280e+00
inf,inf,inf,inf,inf,inf,inf,inf,inf,inf,7.638801896921975754e+00,5.945024805137992807e+00
inf,inf,inf,inf,inf,inf,inf,inf,inf,inf,inf,inf
inf,inf,inf,inf,inf,inf,inf,inf,inf,inf,inf,inf
inf,inf,inf,4.417327805615207104e-01,4.417327805615207104e-01,4.417327805615207104e-01,4.417327805615207104e-01,4.417327805615207104e-01,4.417327805615207104e-01,4.417327805615207104e-01,4.417327805615207104e-01,4.417327805615207104e-01
0.000000000000000000e+00,0.000000000000000000e+00,0.000000000000000000e+00,0.000000000000000000e+00,0.000000000000000000e+00,0.000000000000000000e+00,0.000000000000000000e+00,0.000000000000000000e+00,0.000000000000000000e+00,0.000000000000000000e+00,0.000000000000000000e+00,0.000000000000000000e+00
inf,inf,inf,inf,inf,inf,inf,1.435702994512049635e+00,1.435702994512049635e+00,1.435702994512049635e+00,1.435702994512049635e+00,1.435702994512049635e+00
inf,inf,inf,inf,inf,1.152960460908295515e+00,1.152960460908295515e+00,1.152960460908295515e+00,1.152960460908295515e+00,1.152960460908295515e+00,1.152960460908295515e+00,1.152960460908295515e+00
inf,inf,inf,inf,inf,inf,1.287363049789230995e+00,1.287363049789230995e+00,1.287363049789230995e+00,1.287363049789230995e+00,1.287363049789230995e+00,1.287363049789230995e+00
inf,inf,inf,inf,inf,inf,inf,inf,1.713486986001749868e+00,1.713486986001749868e+00,1.713486986001749868e+00,1.713486986001749868e+00
inf,inf,inf,inf,inf,inf,inf,inf,inf,inf,inf,inf
inf,inf,inf,inf,inf,inf,inf,inf,inf,inf,inf,inf
inf,inf,inf,inf,inf,inf,inf,inf,inf,inf,inf,inf
inf,inf,inf,inf,inf,inf,inf,inf,inf,inf,inf,inf
inf,inf,inf,inf,inf,inf,inf,inf,inf,inf,inf,inf
inf,inf,inf,inf,inf,inf,inf,inf,inf,inf,inf,inf
inf,inf,inf,inf,inf,inf,inf,inf,inf,inf,inf,inf
inf,inf,inf,inf,inf,inf,inf,inf,inf,inf,inf,inf
inf,inf,inf,inf,inf,inf,inf,inf,inf,inf,inf,inf
inf,inf,inf,inf,inf,inf,inf,inf,inf,inf,inf,inf
inf,inf,inf,inf,inf,inf,inf,inf,inf,inf,inf,inf
inf,inf,inf,inf,inf,inf,inf,inf,inf,inf,inf,inf
inf,inf,inf,inf,inf,inf,inf,inf,inf,inf,inf,inf
inf,inf,inf,inf,inf,inf,inf,inf,inf,inf,inf,inf
inf,inf,inf,inf,inf,inf,inf,inf,inf,inf,inf,inf
inf,inf,inf,inf,inf,inf,inf,inf,inf,1.724820796548158564e+00,1.724820796548158564e+00,1.724820796548158564e+00
inf,inf,1.902191203372305628e+00,1.902191203372305628e+00,1.902191203372305628e+00,1.902191203372305628e+00,1.902191203372305628e+00,1.902191203372305628e+00,1.902191203372305628e+00,1.902191203372305628e+00,1.902191203372305628e+00,1.902191203372305628e+00
inf,inf,inf,inf,inf,inf,inf,inf,inf,inf,inf,inf
inf,inf,inf,inf,inf,inf,inf,inf,inf,inf,inf,inf
inf,inf,inf,inf,inf,inf,inf,inf,inf,inf,inf,inf
inf,inf,inf,inf,inf,inf,inf,inf,inf,inf,inf,inf
inf,inf,inf,inf,inf,inf,inf,inf,inf,inf,inf,4.105343543704764286e+00
inf,inf,inf,inf,inf,inf,inf,inf,inf,inf,inf,inf
inf,inf,inf,inf,inf,inf,inf,inf,inf,inf,inf,inf
inf,inf,inf,inf,inf,inf,inf,inf,inf,inf,inf,inf
inf,inf,inf,inf,inf,inf,inf,inf,inf,inf,4.098241270977490913e+00,4.098241270977490913e+00
inf,inf,inf,inf,inf,inf,inf,inf,inf,inf,inf,inf
inf,inf,inf,inf,inf,inf,inf,inf,inf,inf,inf,inf
inf,inf,inf,inf,inf,inf,inf,inf,inf,inf,inf,inf
inf,inf,inf,inf,inf,inf,inf,inf,inf,inf,inf,inf
inf,inf,inf,inf,inf,inf,inf,inf,inf,inf,inf,inf
inf,inf,inf,inf,inf,inf,inf,inf,inf,inf,inf,inf
inf,inf,inf,inf,inf,inf,inf,inf,inf,inf,inf,inf
inf,inf,inf,inf,inf,inf,inf,inf,inf,inf,inf,inf
inf,inf,inf,inf,inf,inf,inf,inf,inf,inf,inf,inf
inf,inf,inf,inf,inf,inf,inf,inf,inf,inf,inf,inf
inf,inf,inf,inf,inf,inf,inf,inf,inf,inf,inf,inf
inf,inf,inf,inf,inf,inf,inf,inf,inf,inf,inf,inf
inf,inf,inf,inf,inf,inf,inf,inf,inf,inf,inf,inf
inf,inf,inf,inf,inf,1.492732442535592119e+00,1.492732442535592119e+00,1.492732442535592119e+00,1.492732442535592119e+00,1.492732442535592119e+00,1.492732442535592119e+00,1.492732442535592119e+00
inf,inf,inf,inf,1.343553646703252946e+00,1.343553646703252946e+00,1.343553646703252946e+00,1.343553646703252946e+00,1.343553646703252946e+00,1.343553646703252946e+00,1.343553646703252946e+00,1.343553646703252946e+00
inf,inf,inf,inf,inf,inf,inf,inf,inf,inf,inf,inf
inf,inf,inf,inf,inf,inf,inf,inf,inf,inf,inf,inf
inf,inf,inf,inf,inf,inf,inf,inf,inf,inf,inf,inf
inf,inf,inf,inf,inf,inf,inf,inf,inf,inf,inf,inf
inf,inf,inf,inf,inf,inf,inf,inf,inf,inf,inf,inf
inf,inf,inf,inf,inf,inf,inf,inf,inf,inf,inf,inf
inf,inf,inf,inf,inf,inf,inf,inf,inf,inf,inf,inf
inf,inf,inf,inf,inf,inf,inf,inf,inf,inf,inf,inf
inf,inf,inf,inf,inf,inf,inf,inf,inf,inf,inf,inf
inf,inf,inf,inf,inf,inf,inf,inf,inf,inf,inf,inf
inf,inf,inf,inf,inf,inf,inf,inf,inf,inf,inf,inf
inf,inf,inf,inf,inf,inf,inf,inf,inf,inf,inf,inf
inf,inf,inf,inf,inf,3.912991877435774590e+00,3.912991877435774590e+00,3.912991877435774590e+00,3.696922472759086808e+00,3.292788863039846525e+00,3.273420722977808950e+00,3.273420722977808950e+00
inf,inf,inf,inf,inf,inf,4.067887288236697430e+00,4.067887288236697430e+00,4.067887288236697430e+00,3.851817883560009648e+00,3.447684273840769364e+00,3.428316133778731789e+00
inf,inf,inf,inf,inf,inf,inf,4.171792979002624691e+00,4.171792979002624691e+00,4.171792979002624691e+00,3.955723574325936465e+00,3.551589964606696181e+00
inf,inf,inf,inf,inf,inf,inf,inf,4.280694494154140273e+00,4.280694494154140273e+00,4.280694494154140273e+00,4.064625089477451603e+00
inf,inf,inf,inf,inf,inf,inf,inf,inf,inf,inf,inf
inf,inf,inf,inf,inf,inf,inf,inf,inf,inf,inf,inf
inf,inf,inf,inf,inf,inf,inf,inf,inf,inf,inf,inf
inf,inf,inf,inf,inf,inf,inf,inf,inf,inf,inf,inf
inf,inf,inf,inf,inf,inf,inf,inf,inf,inf,inf,inf
inf,inf,inf,inf,inf,inf,inf,inf,inf,inf,inf,inf
inf,inf,inf,inf,inf,inf,inf,inf,inf,inf,inf,inf
inf,inf,inf,inf,inf,inf,inf,inf,inf,inf,inf,inf
inf,inf,inf,inf,inf,inf,inf,inf,inf,inf,inf,inf
inf,inf,inf,inf,inf,inf,inf,inf,inf,inf,inf,inf
inf,inf,inf,inf,inf,inf,inf,inf,inf,inf,inf,inf
inf,inf,inf,inf,inf,inf,inf,inf,inf,inf,inf,inf
inf,inf,inf,inf,inf,inf,inf,inf,inf,inf,inf,inf
inf,inf,inf,inf,inf,inf,inf,inf,inf,inf,inf,inf
inf,inf,inf,inf,inf,inf,inf,inf,inf,inf,inf,inf
inf,inf,inf,inf,inf,inf,inf,inf,inf,3.888472570190089961e+00,3.888472570190089961e+00,3.888472570190089961e+00
inf,inf,inf,inf,inf,inf,inf,inf,inf,inf,inf,4.165610335639863493e+00
inf,inf,inf,inf,inf,inf,inf,inf,inf,inf,inf,inf
inf,inf,inf,inf,inf,inf,inf,inf,inf,inf,inf,inf
inf,inf,inf,inf,inf,inf,inf,inf,inf,inf,inf,inf
inf,inf,inf,inf,inf,inf,inf,inf,inf,inf,inf,inf
inf,inf,inf,inf,inf,inf,inf,inf,inf,inf,inf,inf
inf,inf,inf,inf,inf,inf,inf,inf,inf,inf,inf,inf
inf,inf,inf,inf,inf,inf,2.494171538216813921e+00,2.365075459317585338e+00,2.365075459317585338e+00,2.365075459317585338e+00,2.365075459317585338e+00,2.365075459317585338e+00
inf,inf,inf,inf,inf,inf,2.586668853893263176e+00,2.567300713831225600e+00,2.567300713831225600e+00,2.567300713831225600e+00,2.567300713831225600e+00,2.567300713831225600e+00
inf,inf,inf,inf,inf,inf,inf,inf,inf,inf,inf,inf
inf,inf,inf,inf,inf,inf,inf,inf,inf,inf,inf,inf
inf,inf,inf,inf,inf,inf,inf,inf,inf,inf,inf,inf
inf,inf,inf,inf,inf,inf,inf,inf,inf,inf,inf,inf
inf,inf,inf,inf,inf,inf,inf,inf,inf,inf,inf,inf
inf,inf,inf,inf,inf,inf,inf,inf,inf,inf,inf,inf
inf,inf,inf,inf,inf,inf,inf,inf,inf,inf,inf,inf
inf,inf,inf,inf,inf,inf,inf,inf,inf,inf,inf,inf
inf,inf,inf,inf,inf,inf,inf,inf,inf,inf,inf,inf
inf,inf,inf,inf,inf,inf,inf,inf,inf,inf,inf,inf
inf,inf,inf,inf,inf,inf,inf,inf,inf,inf,inf,inf
inf,inf,inf,inf,inf,inf,inf,inf,inf,inf,inf,inf
inf,inf,inf,inf,inf,inf,inf,inf,inf,inf,inf,inf
inf,inf,inf,inf,inf,inf,inf,inf,inf,inf,inf,inf
inf,inf,inf,inf,inf,inf,inf,inf,inf,inf,inf,inf
inf,inf,inf,inf,inf,inf,inf,inf,inf,inf,inf,inf
inf,inf,inf,inf,inf,inf,inf,inf,inf,inf,inf,inf
inf,inf,inf,inf,inf,inf,inf,inf,inf,inf,inf,inf
inf,inf,inf,inf,inf,inf,inf,inf,inf,inf,inf,inf
inf,inf,inf,inf,inf,inf,inf,inf,inf,inf,inf,inf
inf,inf,inf,inf,inf,inf,inf,inf,inf,inf,inf,inf
inf,inf,inf,inf,inf,inf,inf,inf,inf,inf,inf,inf
inf,inf,inf,inf,inf,inf,inf,inf,inf,inf,inf,inf
inf,inf,inf,inf,inf,inf,inf,inf,inf,inf,inf,inf
inf,inf,inf,inf,inf,inf,inf,inf,inf,inf,inf,inf
inf,inf,inf,inf,inf,inf,inf,inf,inf,inf,inf,4.236620635488746345e+00
inf,inf,inf,inf,inf,inf,inf,inf,inf,3.852781008907977700e+00,3.852781008907977700e+00,3.852781008907977700e+00
inf,inf,inf,inf,inf,inf,inf,inf,inf,inf,inf,inf
inf,inf,inf,inf,inf,inf,inf,inf,inf,inf,inf,inf
inf,inf,inf,inf,inf,inf,inf,inf,inf,inf,inf,inf
inf,inf,inf,inf,inf,inf,inf,inf,inf,inf,inf,inf
inf,inf,inf,inf,inf,inf,inf,inf,inf,inf,inf,inf
inf,inf,inf,inf,inf,inf,inf,inf,2.685100264455579477e+00,2.556004185556350894e+00,2.556004185556350894e+00,2.556004185556350894e+00
inf,inf,inf,inf,inf,2.235252376123439078e+00,2.106156297224210494e+00,2.106156297224210494e+00,2.106156297224210494e+00,2.106156297224210494e+00,2.106156297224210494e+00,2.106156297224210494e+00
inf,inf,inf,inf,inf,inf,inf,inf,inf,inf,inf,inf
inf,inf,inf,inf,inf,inf,inf,inf,inf,inf,inf,inf
inf,inf,inf,inf,inf,inf,inf,inf,inf,inf,inf,inf
inf,inf,inf,inf,inf,inf,inf,inf,inf,inf,inf,inf
inf,inf,inf,inf,inf,inf,inf,inf,inf,inf,inf,inf
inf,inf,inf,inf,inf,inf,inf,inf,inf,inf,inf,inf
inf,inf,inf,inf,inf,inf,inf,inf,2.952134534319573955e+00,1.762364043983138284e+00,1.762364043983138284e+00,1.762364043983138284e+00
inf,inf,inf,inf,inf,inf,inf,2.827543396564065947e+00,1.637772906227630498e+00,1.637772906227630498e+00,1.637772906227630498e+00,1.637772906227630498e+00
inf,inf,inf,inf,inf,inf,inf,1.602659220154298625e+00,1.602659220154298625e+00,1.602659220154298625e+00,1.602659220154298625e+00,1.602659220154298625e+00
inf,inf,inf,inf,inf,inf,1.704837499005805945e+00,1.704837499005805945e+00,1.704837499005805945e+00,1.704837499005805945e+00,1.704837499005805945e+00,1.704837499005805945e+00
inf,inf,inf,inf,inf,1.556770957607571670e+00,1.556770957607571670e+00,1.556770957607571670e+00,1.556770957607571670e+00,1.556770957607571670e+00,1.556770957607571670e+00,1.556770957607571670e+00
inf,inf,inf,inf,inf,inf,inf,inf,inf,inf,inf,inf
inf,inf,inf,inf,inf,inf,inf,inf,inf,inf,inf,inf
inf,inf,inf,inf,inf,inf,inf,inf,inf,inf,inf,inf
inf,inf,inf,inf,inf,inf,inf,inf,inf,inf,inf,inf
inf,inf,inf,inf,inf,inf,inf,inf,inf,inf,inf,inf
inf,inf,inf,inf,inf,inf,inf,inf,inf,inf,inf,inf
inf,inf,inf,inf,inf,inf,inf,inf,inf,inf,inf,inf
inf,inf,inf,inf,inf,inf,inf,inf,inf,inf,inf,inf
inf,inf,inf,inf,inf,inf,inf,inf,inf,inf,inf,inf
inf,inf,inf,inf,inf,inf,inf,inf,inf,inf,inf,inf
inf,inf,inf,inf,inf,inf,inf,inf,inf,inf,inf,inf
inf,inf,inf,inf,inf,inf,inf,inf,inf,inf,inf,inf
inf,inf,inf,inf,inf,inf,inf,inf,inf,inf,inf,inf
inf,inf,inf,inf,inf,inf,inf,inf,inf,inf,inf,inf
inf,inf,inf,inf,inf,inf,inf,inf,inf,inf,inf,inf
inf,inf,inf,inf,inf,inf,inf,inf,inf,inf,inf,inf
inf,inf,inf,inf,inf,inf,inf,inf,inf,inf,inf,inf
inf,inf,inf,inf,inf,inf,inf,inf,inf,inf,inf,inf
inf,inf,inf,inf,inf,inf,inf,inf,inf,inf,inf,inf
inf,inf,inf,inf,inf,inf,inf,inf,inf,inf,inf,inf
inf,inf,inf,inf,inf,inf,inf,inf,inf,inf,inf,inf
inf,inf,inf,inf,3.114604459953869586e+00,3.114604459953869586e+00,3.114604459953869586e+00,3.114604459953869586e+00,3.114604459953869586e+00,3.114604459953869586e+00,3.114604459953869586e+00,3.114604459953869586e+00
inf,inf,inf,inf,inf,inf,inf,inf,inf,inf,inf,inf
inf,inf,inf,inf,inf,inf,inf,inf,inf,inf,inf,inf
inf,inf,inf,inf,inf,inf,inf,inf,inf,inf,inf,inf
inf,inf,inf,inf,inf,inf,inf,inf,inf,inf,inf,inf
inf,inf,inf,inf,inf,inf,inf,inf,inf,inf,inf,inf
inf,inf,inf,inf,inf,inf,inf,inf,inf,inf,inf,inf
inf,inf,inf,inf,inf,inf,inf,inf,inf,inf,inf,inf
inf,inf,inf,inf,inf,inf,inf,inf,inf,inf,inf,inf
inf,inf,inf,inf,inf,inf,inf,inf,inf,inf,inf,inf
inf,inf,inf,inf,inf,inf,inf,inf,inf,inf,inf,inf
inf,inf,inf,inf,inf,inf,inf,inf,inf,5.291410661735464593e+00,5.291410661735464593e+00,5.291410661735464593e+00
inf,inf,inf,inf,inf,inf,inf,inf,inf,inf,inf,inf
inf,inf,inf,inf,inf,inf,inf,inf,inf,inf,inf,inf
inf,inf,inf,inf,inf,inf,inf,inf,inf,inf,inf,inf
inf,inf,inf,inf,inf,inf,inf,inf,inf,inf,inf,inf
inf,inf,inf,inf,inf,inf,inf,inf,inf,inf,inf,inf
inf,inf,inf,inf,inf,inf,inf,inf,inf,inf,inf,inf
inf,inf,inf,inf,inf,inf,inf,inf,1.789250775471247668e+00,1.771796458681301090e+00,1.771796458681301090e+00,1.771796458681301090e+00
inf,inf,inf,inf,inf,inf,inf,inf,inf,inf,inf,inf
inf,inf,inf,inf,inf,inf,inf,inf,inf,inf,inf,inf
inf,inf,inf,inf,inf,inf,inf,inf,inf,inf,inf,inf
inf,inf,inf,inf,inf,inf,inf,inf,inf,inf,inf,inf
inf,inf,inf,inf,inf,inf,inf,inf,inf,inf,inf,inf
inf,inf,inf,inf,inf,inf,inf,inf,inf,inf,inf,inf
inf,inf,inf,inf,inf,inf,inf,inf,inf,inf,inf,inf
inf,inf,inf,inf,inf,inf,inf,inf,inf,inf,inf,inf
inf,inf,inf,inf,inf,inf,inf,inf,inf,inf,inf,inf
inf,inf,inf,inf,inf,inf,inf,inf,inf,inf,inf,inf
inf,inf,inf,inf,inf,inf,inf,inf,inf,inf,inf,inf
inf,inf,inf,inf,inf,4.595151813409686703e+00,4.595151813409686703e+00,4.595151813409686703e+00,2.610628927065934413e+00,2.591260787003896837e+00,2.591260787003896837e+00,2.591260787003896837e+00
inf,inf,inf,inf,inf,inf,inf,inf,inf,inf,inf,inf
inf,inf,inf,inf,inf,inf,inf,inf,inf,inf,inf,inf
inf,inf,inf,inf,inf,inf,inf,inf,inf,inf,inf,inf
inf,inf,inf,inf,inf,inf,inf,inf,inf,inf,inf,inf
inf,inf,inf,inf,inf,inf,inf,inf,inf,inf,inf,inf
inf,inf,inf,inf,inf,inf,inf,inf,inf,inf,inf,inf
inf,inf,inf,inf,inf,inf,inf,inf,inf,inf,inf,inf
inf,inf,inf,inf,inf,inf,inf,inf,inf,inf,inf,inf
inf,inf,inf,inf,inf,inf,inf,inf,inf,inf,inf,inf
inf,inf,inf,inf,inf,inf,inf,inf,inf,inf,inf,inf
inf,inf,inf,inf,inf,inf,inf,inf,2.049860067207508241e+00,1.814242324823033492e+00,1.814242324823033492e+00,1.814242324823033492e+00
inf,inf,inf,inf,inf,inf,inf,inf,2.026943897637795367e+00,1.791326155253320618e+00,1.791326155253320618e+00,1.791326155253320618e+00
inf,inf,inf,inf,inf,inf,inf,inf,inf,inf,inf,inf
inf,inf,inf,inf,inf,inf,inf,inf,inf,inf,inf,inf
inf,inf,inf,inf,inf,inf,inf,inf,inf,inf,inf,inf
inf,inf,inf,inf,inf,inf,inf,inf,inf,inf,inf,inf
inf,inf,inf,inf,inf,inf,inf,inf,inf,inf,inf,inf
inf,inf,inf,inf,inf,inf,inf,5.405885876481347552e+00,5.405885876481347552e+00,2.376788306291258923e+00,2.357420166229221348e+00,2.357420166229221348e+00
inf,inf,inf,inf,inf,5.117439155332855094e+00,5.117439155332855094e+00,2.088341585142766021e+00,2.068973445080728446e+00,2.068973445080728446e+00,2.068973445080728446e+00,2.068973445080728446e+00
inf,inf,1.416421846416925145e+00,1.416421846416925145e+00,1.416421846416925145e+00,1.416421846416925145e+00,1.416421846416925145e+00,1.416421846416925145e+00,1.416421846416925145e+00,1.416421846416925145e+00,1.416421846416925145e+00,1.416421846416925145e+00
inf,inf,inf,1.514200817227391971e+00,1.514200817227391971e+00,1.514200817227391971e+00,1.514200817227391971e+00,1.514200817227391971e+00,1.514200817227391971e+00,1.514200817227391971e+00,1.514200817227391971e+00,1.514200817227391971e+00
inf,inf,inf,inf,inf,inf,inf,1.408984033245844092e+00,1.391529716455897514e+00,1.391529716455897514e+00,1.391529716455897514e+00,1.391529716455897514e+00
inf,inf,inf,inf,inf,inf,inf,inf,inf,inf,inf,inf
inf,inf,inf,inf,inf,inf,inf,inf,inf,inf,inf,inf
inf,inf,inf,inf,inf,inf,inf,inf,inf,inf,inf,inf
inf,inf,inf,inf,inf,inf,inf,inf,inf,inf,inf,inf
inf,inf,inf,inf,inf,inf,inf,inf,inf,inf,inf,inf
inf,inf,inf,inf,inf,inf,inf,inf,inf,inf,inf,inf
inf,inf,inf,inf,inf,inf,inf,2.655218523820885856e+00,1.783664648453034296e+00,1.783664648453034296e+00,1.783664648453034296e+00,1.783664648453034296e+00
inf,inf,inf,inf,inf,2.463233466555316831e+00,1.591679591187465270e+00,1.591679591187465270e+00,1.591679591187465270e+00,1.591679591187465270e+00,1.591679591187465270e+00,1.591679591187465270e+00
inf,inf,inf,inf,inf,1.442277101725920607e+00,1.442277101725920607e+00,1.442277101725920607e+00,1.442277101725920607e+00,1.442277101725920607e+00,1.442277101725920607e+00,1.442277101725920607e+00
inf,inf,inf,inf,inf,inf,inf,1.612961554521593843e+00,1.612961554521593843e+00,1.612961554521593843e+00,1.612961554521593843e+00,1.612961554521593843e+00
inf,inf,inf,inf,inf,inf,inf,inf,inf,inf,inf,inf
inf,inf,inf,inf,inf,inf,inf,inf,inf,inf,inf,inf
inf,inf,inf,inf,inf,inf,inf,inf,inf,inf,inf,inf
inf,inf,inf,inf,inf,inf,inf,inf,inf,inf,inf,inf
inf,inf,inf,inf,inf,inf,inf,inf,inf,inf,inf,inf
inf,inf,inf,inf,inf,inf,inf,inf,inf,inf,inf,inf
inf,inf,inf,inf,inf,inf,inf,inf,3.892784886264216482e+00,3.892784886264216482e+00,3.892784886264216482e+00,3.892784886264216482e+00
inf,inf,inf,inf,inf,inf,inf,inf,inf,inf,inf,4.265595174182772453e+00
inf,inf,inf,inf,inf,inf,inf,inf,inf,inf,inf,inf
inf,inf,inf,inf,inf,inf,inf,inf,inf,inf,inf,inf
inf,inf,inf,inf,inf,inf,inf,inf,inf,inf,inf,inf
inf,inf,inf,inf,inf,inf,inf,inf,inf,4.547803328561202285e+00,4.547803328561202285e+00,4.547803328561202285e+00
inf,inf,inf,inf,inf,inf,inf,inf,inf,inf,inf,inf
inf,inf,inf,inf,inf,inf,inf,1.967733436729499852e+00,1.732115694345025103e+00,1.732115694345025103e+00,1.732115694345025103e+00,1.732115694345025103e+00
inf,inf,inf,inf,inf,inf,1.771050813250616418e+00,1.771050813250616418e+00,1.771050813250616418e+00,1.771050813250616418e+00,1.771050813250616418e+00,1.771050813250616418e+00
inf,inf,inf,inf,inf,1.883873180625148969e+00,1.864505040563111393e+00,1.864505040563111393e+00,1.864505040563111393e+00,1.864505040563111393e+00,1.864505040563111393e+00,1.864505040563111393e+00
inf,inf,inf,inf,inf,inf,1.988915980672870232e+00,1.969547840610832656e+00,1.969547840610832656e+00,1.969547840610832656e+00,1.969547840610832656e+00,1.969547840610832656e+00
inf,inf,inf,inf,inf,inf,2.466905770301439649e+00,2.466905770301439649e+00,2.186108128529387962e+00,2.166739988467350386e+00,2.166311242344706844e+00,2.166311242344706844e+00
inf,inf,inf,inf,2.010726109520400762e+00,1.881630030621172178e+00,1.881630030621172178e+00,1.881630030621172178e+00,1.881630030621172178e+00,1.881630030621172178e+00,1.881630030621172178e+00,1.881630030621172178e+00
inf,inf,inf,inf,inf,inf,inf,inf,inf,inf,inf,inf
inf,inf,inf,inf,inf,inf,inf,inf,inf,inf,inf,4.485821552135528023e+00
inf,inf,inf,inf,inf,inf,inf,inf,inf,4.287908613696014726e+00,4.287908613696014726e+00,4.287908613696014726e+00
inf,inf,inf,inf,inf,inf,inf,inf,inf,inf,inf,inf
inf,inf,inf,inf,inf,inf,inf,inf,inf,inf,inf,inf
inf,inf,inf,inf,inf,inf,inf,inf,inf,inf,inf,inf
inf,inf,inf,inf,inf,inf,inf,inf,inf,inf,inf,inf
inf,inf,inf,inf,inf,inf,inf,inf,inf,inf,inf,inf
inf,inf,inf,inf,inf,inf,inf,inf,inf,inf,inf,inf
inf,inf,inf,inf,inf,inf,inf,inf,inf,inf,inf,inf
inf,inf,inf,inf,inf,inf,inf,inf,inf,inf,inf,inf
inf,inf,inf,inf,inf,inf,inf,inf,inf,inf,inf,inf
inf,inf,inf,1.444178497574166720e+00,1.315082418674938136e+00,1.315082418674938136e+00,1.315082418674938136e+00,1.315082418674938136e+00,1.315082418674938136e+00,1.315082418674938136e+00,1.315082418674938136e+00,1.315082418674938136e+00
inf,inf,inf,1.494652479519605448e+00,1.365556400620376865e+00,1.365556400620376865e+00,1.365556400620376865e+00,1.365556400620376865e+00,1.365556400620376865e+00,1.365556400620376865e+00,1.365556400620376865e+00,1.365556400620376865e+00
inf,inf,inf,1.587267855722580112e+00,1.458171776823351529e+00,1.458171776823351529e+00,1.458171776823351529e+00,1.458171776823351529e+00,1.458171776823351529e+00,1.458171776823351529e+00,1.458171776823351529e+00,1.458171776823351529e+00
inf,inf,inf,inf,inf,inf,inf,inf,inf,inf,inf,inf
inf,inf,inf,inf,inf,inf,inf,inf,inf,inf,inf,inf
inf,inf,inf,inf,inf,inf,inf,inf,inf,inf,inf,inf
inf,inf,inf,inf,inf,inf,inf,inf,inf,inf,inf,inf
inf,inf,inf,inf,inf,inf,inf,inf,inf,inf,inf,inf
inf,inf,inf,inf,2.348056102362204633e+00,2.348056102362204633e+00,2.348056102362204633e+00,1.706856955380577467e+00,1.706856955380577467e+00,1.706856955380577467e+00,1.706856955380577467e+00,1.706856955380577467e+00
inf,inf,inf,inf,inf,2.497234898194543806e+00,1.565681420504255073e+00,1.565681420504255073e+00,1.565681420504255073e+00,1.565681420504255073e+00,1.565681420504255073e+00,1.565681420504255073e+00
inf,inf,inf,inf,inf,inf,2.667720512208701322e+00,1.736167034518412366e+00,1.728132705002783709e+00,1.728132705002783709e+00,1.728132705002783709e+00,1.728132705002783709e+00
inf,inf,inf,inf,inf,inf,inf,inf,inf,inf,inf,inf
inf,inf,inf,inf,inf,1.187260150719796403e+00,1.187260150719796403e+00,1.187260150719796403e+00,1.187260150719796403e+00,1.187260150719796403e+00,1.187260150719796403e+00,1.187260150719796403e+00
inf,inf,inf,inf,inf,inf,1.284032500198838855e+00,1.284032500198838855e+00,1.119257287441342452e+00,1.119257287441342452e+00,1.119257287441342452e+00,1.119257287441342452e+00
inf,inf,inf,inf,inf,inf,inf,1.065421687345899926e+00,1.065421687345899926e+00,1.065421687345899926e+00,1.065421687345899926e+00,1.065421687345899926e+00
inf,inf,inf,inf,inf,inf,1.013344567724488998e+00,1.013344567724488998e+00,1.013344567724488998e+00,1.013344567724488998e+00,1.013344567724488998e+00,1.013344567724488998e+00
inf,inf,inf,inf,inf,9.595089676290463609e-01,9.595089676290463609e-01,9.595089676290463609e-01,9.595089676290463609e-01,9.595089676290463609e-01,9.595089676290463609e-01,9.595089676290463609e-01
inf,inf,inf,inf,8.845964566929134243e-01,8.845964566929134243e-01,8.845964566929134243e-01,8.845964566929134243e-01,8.845964566929134243e-01,8.845964566929134243e-01,8.845964566929134243e-01,8.845964566929134243e-01
inf,inf,inf,inf,1.029699057504175563e+00,9.533884613855087009e-01,9.533884613855087009e-01,9.533884613855087009e-01,9.533884613855087009e-01,9.533884613855087009e-01,9.533884613855087009e-01,9.533884613855087009e-01
inf,inf,inf,9.246376163206871945e-01,9.246376163206871945e-01,9.246376163206871945e-01,9.246376163206871945e-01,9.246376163206871945e-01,9.246376163206871945e-01,9.246376163206871945e-01,9.246376163206871945e-01,9.246376163206871945e-01
inf,inf,inf,1.043443788276465334e+00,1.024075648214427758e+00,1.024075648214427758e+00,1.024075648214427758e+00,1.024075648214427758e+00,1.024075648214427758e+00,1.024075648214427758e+00,1.024075648214427758e+00,1.024075648214427758e+00
inf,inf,inf,inf,1.095520907897876262e+00,1.076152767835838686e+00,1.076152767835838686e+00,1.076152767835838686e+00,1.076152767835838686e+00,1.076152767835838686e+00,1.076152767835838686e+00,1.076152767835838686e+00
inf,inf,inf,inf,inf,1.149350294281396456e+00,1.129982154219358881e+00,1.129982154219358881e+00,1.129982154219358881e+00,1.129982154219358881e+00,1.129982154219358881e+00,1.129982154219358881e+00
inf,inf,inf,inf,inf,inf,inf,inf,inf,inf,inf,inf
inf,inf,1.119673606140141553e+00,1.119673606140141553e+00,1.119673606140141553e+00,1.119673606140141553e+00,1.119673606140141553e+00,1.119673606140141553e+00,1.119673606140141553e+00,1.119673606140141553e+00,1.119673606140141553e+00,1.119673606140141553e+00
inf,inf,inf,inf,inf,inf,inf,inf,2.933257277499403237e+00,2.001703799809114948e+00,2.001703799809114948e+00,2.001703799809114948e+00
inf,inf,inf,inf,inf,inf,inf,inf,4.358794639306450058e+00,4.358794639306450058e+00,4.358794639306450058e+00,4.358794639306450058e+00
inf,inf,inf,inf,inf,inf,inf,4.263494939553011065e+00,4.263494939553011065e+00,4.263494939553011065e+00,4.263494939553011065e+00,4.263494939553011065e+00
inf,inf,inf,inf,inf,inf,inf,inf,4.745318589437683698e+00,4.745318589437683698e+00,4.745318589437683698e+00,4.745318589437683698e+00
inf,inf,inf,inf,inf,inf,inf,inf,inf,3.170863407699037406e+00,3.170863407699037406e+00,3.170863407699037406e+00
inf,inf,inf,inf,inf,inf,inf,inf,inf,inf,3.253077030143959103e+00,3.253077030143959103e+00
inf,inf,inf,inf,inf,inf,inf,inf,inf,inf,inf,3.302407689095681054e+00
inf,inf,inf,inf,inf,inf,4.076108029109997588e+00,4.056739889047960013e+00,4.056739889047960013e+00,4.056739889047960013e+00,4.056739889047960013e+00,4.056739889047960013e+00
inf,inf,inf,inf,inf,inf,inf,inf,inf,inf,inf,inf
inf,inf,inf,inf,inf,inf,inf,inf,inf,inf,inf,inf
inf,inf,inf,inf,inf,inf,inf,inf,inf,inf,inf,inf
inf,inf,inf,inf,inf,inf,inf,inf,inf,inf,inf,inf
inf,inf,inf,inf,inf,inf,inf,inf,inf,inf,inf,inf
inf,inf,inf,inf,inf,inf,inf,1.395649407460430869e+00,1.395649407460430869e+00,1.395649407460430869e+00,1.395649407460430869e+00,1.395649407460430869e+00
inf,inf,inf,inf,inf,inf,1.258040543227550989e+00,1.258040543227550989e+00,1.258040543227550989e+00,1.258040543227550989e+00,1.258040543227550989e+00,1.258040543227550989e+00
inf,inf,inf,inf,inf,inf,inf,inf,inf,inf,inf,inf
inf,inf,inf,inf,inf,inf,inf,inf,inf,inf,inf,inf
inf,inf,inf,inf,inf,inf,inf,inf,inf,inf,inf,inf
inf,inf,inf,inf,inf,inf,inf,inf,inf,inf,inf,inf
inf,inf,inf,inf,inf,inf,inf,inf,inf,inf,inf,inf
inf,inf,inf,inf,inf,inf,inf,inf,inf,inf,inf,inf
inf,inf,inf,inf,inf,inf,inf,inf,inf,inf,inf,inf
inf,inf,inf,inf,inf,inf,inf,inf,inf,inf,inf,inf
inf,inf,inf,inf,inf,inf,inf,inf,inf,inf,inf,inf
inf,inf,inf,inf,inf,inf,inf,inf,inf,inf,inf,inf
inf,inf,inf,inf,inf,inf,inf,inf,inf,inf,inf,inf
inf,inf,inf,inf,inf,inf,inf,inf,inf,inf,inf,inf
inf,inf,inf,inf,inf,inf,inf,inf,inf,inf,inf,inf
inf,inf,inf,inf,inf,inf,inf,inf,inf,inf,inf,inf
inf,inf,inf,inf,inf,inf,inf,inf,inf,inf,inf,inf
inf,inf,inf,inf,inf,inf,inf,inf,inf,inf,inf,inf
inf,inf,inf,inf,inf,inf,inf,inf,inf,inf,inf,inf
inf,inf,inf,inf,inf,inf,inf,inf,inf,inf,inf,inf
inf,inf,inf,inf,inf,inf,inf,inf,inf,inf,inf,inf
inf,inf,inf,inf,inf,inf,inf,inf,inf,inf,inf,inf
inf,inf,inf,inf,inf,inf,inf,inf,inf,inf,inf,inf
inf,inf,inf,inf,inf,inf,inf,inf,inf,inf,inf,inf
inf,inf,inf,inf,inf,inf,inf,inf,inf,inf,inf,inf
inf,inf,inf,inf,inf,inf,inf,inf,inf,inf,inf,inf
inf,inf,inf,inf,inf,inf,inf,inf,inf,inf,inf,inf
inf,inf,inf,inf,inf,inf,inf,inf,inf,inf,inf,inf
inf,inf,inf,inf,inf,inf,inf,inf,inf,inf,inf,inf
inf,inf,inf,inf,inf,inf,inf,inf,inf,inf,inf,inf
inf,inf,inf,inf,inf,inf,inf,4.908484450807285349e+00,4.908484450807285349e+00,4.908484450807285349e+00,4.908484450807285349e+00,4.908484450807285349e+00
inf,inf,inf,inf,inf,inf,4.779152250855006834e+00,4.779152250855006834e+00,4.779152250855006834e+00,4.779152250855006834e+00,4.779152250855006834e+00,4.779152250855006834e+00
inf,inf,inf,inf,inf,4.340955072377315815e+00,4.340955072377315815e+00,2.605384554203451941e+00,2.605384554203451941e+00,2.324586912431400254e+00,2.305218772369362679e+00,2.304790026246719137e+00
inf,inf,inf,inf,3.581204515628727769e+00,3.581204515628727769e+00,3.581204515628727769e+00,3.365135110952039987e+00,3.365135110952039987e+00,3.084337469179988744e+00,3.064969329117951169e+00,3.064540582995307183e+00
inf,inf,inf,2.844867225403642674e+00,2.844867225403642674e+00,2.844867225403642674e+00,2.844867225403642674e+00,2.844867225403642674e+00,2.844867225403642674e+00,2.844867225403642674e+00,2.844867225403642674e+00,2.844867225403642674e+00
inf,inf,2.174159160502664445e+00,2.174159160502664445e+00,2.174159160502664445e+00,2.174159160502664445e+00,2.174159160502664445e+00,2.174159160502664445e+00,2.174159160502664445e+00,2.174159160502664445e+00,2.174159160502664445e+00,2.174159160502664445e+00
inf,inf,inf,inf,inf,inf,inf,inf,inf,inf,inf,inf
inf,inf,inf,inf,inf,inf,inf,inf,inf,inf,inf,inf
inf,inf,inf,inf,inf,inf,inf,inf,inf,inf,inf,inf
inf,inf,inf,inf,inf,inf,inf,inf,inf,inf,inf,inf
inf,inf,inf,inf,inf,inf,inf,inf,inf,inf,inf,inf
inf,inf,inf,inf,inf,inf,inf,inf,inf,inf,inf,inf
inf,inf,inf,inf,inf,inf,inf,inf,inf,inf,inf,inf
inf,inf,inf,inf,inf,inf,inf,inf,inf,inf,inf,inf
inf,inf,inf,inf,inf,inf,inf,inf,inf,inf,inf,inf
inf,inf,inf,inf,inf,inf,inf,inf,inf,inf,inf,inf
inf,inf,inf,inf,inf,inf,inf,inf,inf,inf,inf,inf
inf,inf,inf,inf,inf,inf,inf,inf,inf,inf,inf,inf
inf,inf,inf,inf,inf,inf,inf,inf,inf,inf,inf,inf
inf,inf,inf,inf,inf,inf,inf,inf,inf,inf,inf,inf
inf,inf,inf,inf,inf,inf,inf,inf,inf,inf,inf,inf
inf,inf,inf,inf,inf,inf,inf,inf,inf,inf,inf,inf
inf,inf,inf,inf,inf,inf,inf,inf,inf,inf,inf,inf
inf,inf,inf,inf,inf,inf,inf,inf,inf,inf,inf,inf
inf,inf,inf,inf,inf,inf,inf,inf,inf,inf,inf,inf
inf,inf,inf,inf,inf,inf,inf,inf,inf,inf,inf,inf
inf,inf,inf,inf,inf,inf,inf,inf,inf,inf,inf,inf
inf,inf,inf,inf,inf,inf,inf,inf,inf,inf,inf,inf
inf,inf,inf,inf,inf,inf,inf,inf,inf,inf,inf,inf
inf,inf,inf,inf,inf,3.330791925157082556e+00,3.330791925157082556e+00,3.330791925157082556e+00,3.330791925157082556e+00,3.330791925157082556e+00,3.330791925157082556e+00,3.330791925157082556e+00
inf,inf,inf,inf,inf,inf,inf,inf,inf,inf,4.046760667700628034e+00,4.046760667700628034e+00
inf,inf,inf,inf,inf,inf,inf,inf,inf,inf,inf,inf
inf,inf,inf,inf,inf,inf,inf,inf,inf,inf,inf,inf
inf,inf,inf,inf,inf,inf,inf,inf,inf,inf,inf,inf
inf,inf,inf,inf,inf,inf,inf,inf,inf,inf,inf,inf
inf,inf,inf,inf,inf,inf,inf,inf,inf,inf,inf,inf
inf,inf,inf,inf,inf,inf,2.915995585779050270e+00,2.915995585779050270e+00,2.915995585779050270e+00,2.915995585779050270e+00,2.915995585779050270e+00,2.915995585779050270e+00
inf,inf,inf,inf,inf,inf,inf,inf,3.096870526127415868e+00,3.096870526127415868e+00,3.096870526127415868e+00,3.096870526127415868e+00
inf,inf,inf,inf,inf,inf,inf,inf,inf,inf,inf,inf
inf,inf,inf,inf,inf,inf,inf,inf,inf,inf,inf,inf
inf,inf,inf,inf,inf,inf,inf,inf,inf,inf,inf,inf
inf,inf,inf,inf,inf,inf,inf,inf,inf,inf,inf,inf
inf,inf,inf,inf,inf,inf,inf,inf,inf,inf,inf,inf
inf,inf,inf,inf,inf,inf,inf,inf,inf,inf,inf,inf
inf,inf,inf,inf,inf,inf,inf,inf,inf,inf,inf,inf
inf,inf,inf,inf,inf,inf,inf,inf,inf,inf,inf,inf
inf,inf,inf,inf,inf,inf,inf,inf,inf,inf,inf,inf
inf,inf,inf,inf,inf,inf,inf,inf,inf,inf,inf,inf
inf,inf,inf,inf,inf,inf,inf,inf,inf,inf,inf,4.943094826214904813e+00
inf,inf,inf,inf,inf,inf,inf,inf,inf,inf,inf,inf
inf,inf,inf,inf,inf,inf,inf,inf,inf,inf,inf,inf
inf,inf,inf,inf,inf,inf,inf,inf,inf,inf,inf,inf
inf,inf,inf,inf,inf,inf,inf,inf,inf,inf,inf,inf
inf,inf,inf,inf,inf,inf,inf,inf,inf,inf,inf,inf
inf,inf,inf,inf,inf,inf,inf,inf,inf,inf,inf,inf
inf,inf,inf,inf,inf,inf,inf,inf,inf,inf,inf,inf
inf,inf,inf,inf,inf,inf,inf,inf,inf,inf,inf,inf
inf,inf,inf,inf,inf,inf,inf,inf,inf,inf,inf,inf
inf,inf,inf,inf,inf,inf,inf,inf,inf,inf,inf,inf
inf,inf,inf,inf,inf,inf,inf,inf,inf,inf,inf,inf
inf,inf,inf,inf,inf,inf,inf,inf,inf,inf,inf,inf
inf,inf,inf,inf,inf,inf,inf,inf,inf,inf,inf,inf
inf,3.735621470611628081e-01,3.735621470611628081e-01,3.735621470611628081e-01,3.735621470611628081e-01,3.735621470611628081e-01,3.735621470611628081e-01,3.735621470611628081e-01,3.735621470611628081e-01,3.735621470611628081e-01,3.735621470611628081e-01,3.735621470611628081e-01
inf,inf,inf,inf,inf,inf,inf,inf,inf,inf,inf,inf
inf,inf,inf,inf,inf,inf,inf,inf,inf,inf,inf,inf
inf,inf,inf,inf,inf,inf,inf,inf,inf,inf,inf,inf
inf,inf,inf,inf,inf,inf,inf,inf,inf,inf,inf,inf
inf,inf,inf,inf,inf,inf,inf,inf,inf,inf,inf,inf
inf,inf,inf,inf,inf,inf,inf,1.611395699117155855e+00,1.611395699117155855e+00,1.611395699117155855e+00,1.611395699117155855e+00,1.611395699117155855e+00
inf,inf,inf,inf,inf,1.547475244571701269e+00,1.311857502187226743e+00,1.311857502187226743e+00,1.311857502187226743e+00,1.311857502187226743e+00,1.311857502187226743e+00,1.311857502187226743e+00
inf,inf,inf,inf,inf,inf,inf,inf,inf,inf,inf,inf
inf,inf,inf,inf,inf,inf,inf,inf,inf,inf,inf,inf
inf,inf,inf,inf,inf,inf,inf,inf,3.574120884037222723e+00,3.574120884037222723e+00,3.574120884037222723e+00,2.932921737055595557e+00
inf,inf,inf,inf,inf,inf,inf,inf,inf,inf,inf,inf
inf,inf,inf,inf,inf,inf,inf,inf,inf,inf,inf,inf
inf,inf,inf,inf,inf,inf,inf,inf,inf,inf,inf,inf
inf,inf,inf,inf,inf,inf,inf,inf,inf,inf,inf,inf
inf,inf,inf,inf,inf,inf,inf,inf,inf,inf,inf,inf
inf,inf,inf,inf,inf,inf,inf,inf,inf,inf,inf,inf
inf,inf,inf,inf,inf,inf,inf,inf,inf,inf,inf,inf
inf,inf,inf,inf,inf,inf,inf,inf,inf,inf,inf,inf
inf,inf,inf,inf,inf,inf,inf,inf,inf,inf,inf,inf
inf,inf,inf,inf,inf,inf,inf,inf,1.746065477610753147e+00,1.746065477610753147e+00,1.746065477610753147e+00,1.746065477610753147e+00
inf,inf,inf,inf,inf,inf,inf,1.782838224767358648e+00,1.547220482382883899e+00,1.547220482382883899e+00,1.547220482382883899e+00,1.547220482382883899e+00
inf,inf,inf,inf,inf,inf,1.685053040244969491e+00,1.449435297860494742e+00,1.449435297860494742e+00,1.449435297860494742e+00,1.449435297860494742e+00,1.449435297860494742e+00
inf,inf,inf,inf,inf,inf,inf,inf,inf,inf,inf,inf
inf,inf,inf,inf,inf,inf,inf,inf,inf,inf,inf,inf
inf,inf,inf,1.820120496301598667e+00,1.691024417402370084e+00,1.691024417402370084e+00,1.691024417402370084e+00,1.691024417402370084e+00,1.691024417402370084e+00,1.691024417402370084e+00,1.691024417402370084e+00,1.691024417402370084e+00
inf,inf,inf,2.677569245605663006e+00,2.677569245605663006e+00,2.677569245605663006e+00,2.677569245605663006e+00,2.677569245605663006e+00,2.677569245605663006e+00,2.677569245605663006e+00,2.677569245605663006e+00,2.677569245605663006e+00
inf,inf,inf,inf,2.743341386303984830e+00,2.743341386303984830e+00,2.743341386303984830e+00,2.743341386303984830e+00,2.743341386303984830e+00,2.743341386303984830e+00,2.743341386303984830e+00,2.743341386303984830e+00
inf,inf,inf,inf,inf,2.817334267875606368e+00,2.817334267875606368e+00,2.817334267875606368e+00,2.817334267875606368e+00,2.817334267875606368e+00,2.817334267875606368e+00,2.817334267875606368e+00
inf,inf,inf,inf,1.350705629125904750e+00,1.350705629125904750e+00,1.350705629125904750e+00,1.350705629125904750e+00,1.350705629125904750e+00,1.350705629125904750e+00,1.350705629125904750e+00,1.350705629125904750e+00
inf,inf,inf,inf,1.463670911874651814e+00,1.444302771812614239e+00,1.444302771812614239e+00,1.444302771812614239e+00,1.444302771812614239e+00,1.444302771812614239e+00,1.444302771812614239e+00,1.444302771812614239e+00
inf,inf,inf,2.046697287839020163e+00,2.046697287839020163e+00,2.046697287839020163e+00,1.765470899944324934e+00,1.746102759882287359e+00,1.746102759882287359e+00,1.746102759882287359e+00,1.746102759882287359e+00,1.746102759882287359e+00
inf,inf,1.836605474031655083e+00,1.836605474031655083e+00,1.836605474031655083e+00,1.836605474031655083e+00,1.836605474031655083e+00,1.836605474031655083e+00,1.836605474031655083e+00,1.836605474031655083e+00,1.836605474031655083e+00,1.836605474031655083e+00
inf,inf,inf,inf,inf,inf,inf,inf,inf,inf,inf,inf
inf,inf,inf,inf,inf,inf,inf,inf,inf,inf,inf,inf
inf,inf,inf,inf,inf,inf,inf,inf,inf,inf,inf,inf
inf,inf,inf,inf,inf,inf,inf,inf,inf,inf,inf,inf
inf,inf,inf,inf,inf,inf,inf,inf,inf,inf,inf,inf
inf,inf,inf,inf,inf,inf,inf,inf,inf,inf,inf,inf
inf,inf,inf,inf,inf,inf,inf,inf,inf,inf,inf,inf
inf,inf,inf,inf,inf,inf,inf,inf,inf,inf,inf,inf
inf,inf,inf,inf,inf,inf,inf,inf,inf,inf,inf,inf
inf,inf,inf,inf,inf,inf,inf,inf,inf,inf,inf,inf
inf,inf,inf,inf,inf,inf,inf,inf,inf,inf,inf,inf
inf,inf,inf,inf,inf,inf,inf,inf,inf,inf,inf,inf
inf,inf,inf,inf,inf,inf,inf,inf,inf,inf,inf,inf
inf,inf,inf,inf,inf,inf,inf,inf,inf,inf,inf,inf
inf,inf,inf,inf,inf,inf,inf,inf,inf,inf,inf,inf
inf,inf,inf,inf,inf,inf,inf,inf,inf,inf,inf,inf
inf,inf,inf,inf,inf,inf,inf,inf,inf,inf,inf,inf
inf,inf,inf,inf,inf,inf,inf,inf,inf,inf,inf,inf
inf,inf,inf,inf,inf,inf,inf,inf,inf,inf,inf,inf
inf,inf,inf,inf,inf,inf,inf,inf,inf,inf,inf,inf
inf,inf,inf,inf,inf,inf,inf,inf,inf,inf,inf,inf
inf,inf,inf,inf,inf,inf,inf,inf,inf,inf,inf,inf
inf,inf,inf,inf,inf,inf,inf,inf,inf,inf,inf,inf
inf,inf,inf,inf,inf,inf,inf,inf,inf,inf,inf,inf
inf,inf,inf,inf,inf,inf,inf,inf,inf,inf,inf,inf
inf,inf,inf,inf,inf,inf,inf,inf,inf,inf,inf,inf
inf,inf,inf,inf,inf,inf,inf,inf,inf,inf,inf,inf
inf,inf,inf,inf,inf,inf,inf,inf,inf,inf,inf,inf
inf,inf,inf,inf,inf,inf,inf,inf,inf,inf,inf,inf
inf,inf,inf,inf,inf,inf,inf,inf,inf,inf,inf,inf
inf,inf,inf,inf,inf,inf,inf,inf,inf,inf,inf,inf
inf,inf,inf,inf,inf,inf,inf,inf,inf,inf,inf,inf
inf,inf,inf,inf,inf,inf,inf,inf,inf,inf,inf,inf
inf,inf,inf,inf,inf,inf,inf,inf,inf,inf,inf,inf
inf,inf,inf,inf,inf,inf,inf,inf,inf,inf,inf,inf
inf,inf,inf,inf,inf,inf,inf,inf,inf,inf,inf,inf
inf,inf,inf,inf,inf,inf,inf,inf,inf,inf,inf,inf
inf,inf,inf,inf,inf,inf,inf,inf,inf,inf,inf,inf
inf,inf,inf,inf,inf,inf,inf,inf,inf,inf,inf,inf
inf,inf,inf,inf,inf,inf,inf,inf,inf,inf,inf,inf
inf,inf,inf,inf,inf,inf,inf,inf,inf,inf,inf,inf
inf,inf,inf,inf,inf,inf,inf,inf,inf,inf,inf,inf
inf,inf,inf,inf,inf,inf,inf,inf,inf,inf,inf,inf
inf,inf,inf,inf,inf,inf,inf,inf,inf,inf,inf,inf
inf,inf,inf,inf,inf,inf,inf,inf,inf,inf,inf,4.251241499642090638e+00
inf,inf,inf,inf,inf,inf,inf,inf,inf,inf,4.135989570905909574e+00,4.135989570905909574e+00
inf,inf,inf,inf,inf,inf,inf,inf,inf,3.969698212439354279e+00,3.969698212439354279e+00,3.969698212439354279e+00
inf,inf,inf,inf,inf,inf,inf,inf,3.144691253082001037e+00,3.144691253082001037e+00,3.144691253082001037e+00,3.144691253082001037e+00
inf,inf,inf,inf,inf,inf,inf,2.975603724250377891e+00,2.975603724250377891e+00,2.975603724250377891e+00,2.975603724250377891e+00,2.975603724250377891e+00
inf,inf,inf,inf,inf,inf,2.768711972083035100e+00,2.768711972083035100e+00,2.768711972083035100e+00,2.768711972083035100e+00,2.768711972083035100e+00,2.768711972083035100e+00
inf,inf,inf,inf,inf,2.619321910045335322e+00,2.619321910045335322e+00,2.619321910045335322e+00,2.619321910045335322e+00,2.619321910045335322e+00,2.619321910045335322e+00,2.619321910045335322e+00
inf,inf,inf,inf,2.437465203213234677e+00,2.437465203213234677e+00,2.437465203213234677e+00,2.437465203213234677e+00,2.437465203213234677e+00,2.437465203213234677e+00,2.437465203213234677e+00,2.437465203213234677e+00
inf,inf,inf,1.904788534955857759e+00,1.904788534955857759e+00,1.904788534955857759e+00,1.904788534955857759e+00,1.904788534955857759e+00,1.904788534955857759e+00,1.904788534955857759e+00,1.904788534955857759e+00,1.904788534955857759e+00
inf,inf,1.370546011294042632e+00,1.370546011294042632e+00,1.370546011294042632e+00,1.370546011294042632e+00,1.370546011294042632e+00,1.370546011294042632e+00,1.370546011294042632e+00,1.370546011294042632e+00,1.370546011294042632e+00,1.370546011294042632e+00
inf,8.608849319971366709e-01,8.608849319971366709e-01,8.608849319971366709e-01,8.608849319971366709e-01,8.608849319971366709e-01,8.608849319971366709e-01,8.608849319971366709e-01,8.608849319971366709e-01,8.608849319971366709e-01,8.608849319971366709e-01,8.608849319971366709e-01
inf,7.074186749383599704e-01,7.074186749383599704e-01,7.074186749383599704e-01,7.074186749383599704e-01,7.074186749383599704e-01,7.074186749383599704e-01,7.074186749383599704e-01,7.074186749383599704e-01,7.074186749383599704e-01,7.074186749383599704e-01,7.074186749383599704e-01
inf,9.834628270897955993e-01,9.834628270897955993e-01,9.834628270897955993e-01,9.834628270897955993e-01,9.834628270897955993e-01,9.834628270897955993e-01,9.834628270897955993e-01,9.834628270897955993e-01,9.834628270897955993e-01,9.834628270897955993e-01,9.834628270897955993e-01
inf,1.267448103078024246e+00,1.267448103078024246e+00,1.267448103078024246e+00,1.267448103078024246e+00,1.267448103078024246e+00,1.267448103078024246e+00,1.267448103078024246e+00,1.267448103078024246e+00,1.267448103078024246e+00,1.267448103078024246e+00,1.267448103078024246e+00
inf,1.475377545136403290e+00,1.475377545136403290e+00,1.475377545136403290e+00,1.475377545136403290e+00,1.475377545136403290e+00,1.475377545136403290e+00,1.475377545136403290e+00,1.475377545136403290e+00,1.475377545136403290e+00,1.475377545136403290e+00,1.475377545136403290e+00
inf,1.668891175534876314e+00,1.668891175534876314e+00,1.668891175534876314e+00,1.668891175534876314e+00,1.668891175534876314e+00,1.668891175534876314e+00,1.668891175534876314e+00,1.668891175534876314e+00,1.668891175534876314e+00,1.668891175534876314e+00,1.668891175534876314e+00
inf,1.757697546329435978e+00,1.757697546329435978e+00,1.757697546329435978e+00,1.757697546329435978e+00,1.757697546329435978e+00,1.757697546329435978e+00,1.757697546329435978e+00,1.757697546329435978e+00,1.757697546329435978e+00,1.757697546329435978e+00,1.757697546329435978e+00
inf,inf,1.991730792173705522e+00,1.991730792173705522e+00,1.991730792173705522e+00,1.991730792173705522e+00,1.991730792173705522e+00,1.991730792173705522e+00,1.991730792173705522e+00,1.991730792173705522e+00,1.991730792173705522e+00,1.991730792173705522e+00
inf,inf,inf,inf,inf,inf,inf,inf,inf,inf,inf,inf
inf,inf,inf,inf,inf,inf,inf,inf,inf,inf,inf,inf
inf,inf,inf,inf,inf,inf,inf,inf,inf,inf,inf,inf
inf,inf,inf,inf,inf,inf,inf,inf,inf,inf,inf,inf
inf,inf,inf,inf,inf,inf,inf,inf,inf,inf,inf,inf
inf,inf,inf,inf,inf,inf,inf,inf,inf,inf,inf,inf
inf,inf,inf,inf,inf,inf,inf,inf,inf,inf,inf,inf
inf,inf,inf,inf,inf,inf,inf,inf,inf,inf,inf,inf
inf,inf,inf,inf,inf,inf,inf,inf,inf,inf,inf,inf
inf,inf,inf,inf,inf,inf,inf,inf,inf,inf,inf,inf
inf,inf,inf,inf,inf,inf,inf,inf,inf,inf,inf,inf
inf,inf,inf,inf,inf,inf,inf,inf,inf,inf,inf,inf
inf,inf,inf,inf,inf,inf,inf,inf,inf,inf,inf,inf
inf,inf,inf,inf,inf,inf,inf,inf,inf,inf,inf,inf
inf,inf,inf,inf,inf,inf,inf,inf,inf,inf,inf,inf
inf,inf,inf,inf,inf,inf,inf,inf,inf,inf,inf,inf
inf,inf,inf,inf,inf,inf,inf,inf,inf,inf,inf,inf
inf,inf,inf,inf,inf,inf,inf,inf,inf,inf,inf,inf
inf,inf,inf,inf,inf,inf,inf,inf,inf,inf,inf,inf
inf,inf,inf,inf,inf,inf,inf,inf,inf,inf,inf,inf
inf,inf,inf,inf,inf,inf,inf,inf,inf,inf,inf,inf
inf,inf,inf,inf,inf,2.329346615763938644e+00,2.329346615763938644e+00,2.329346615763938644e+00,2.048120227869243415e+00,2.028752087807205839e+00,2.028752087807205839e+00,2.028752087807205839e+00
inf,inf,inf,inf,inf,2.713596347331583392e+00,2.713596347331583392e+00,2.713596347331583392e+00,2.432369959436888163e+00,2.413001819374850587e+00,2.413001819374850587e+00,2.413001819374850587e+00
inf,inf,inf,inf,inf,2.839871401018054353e+00,2.839871401018054353e+00,2.839871401018054353e+00,2.558645013123359124e+00,2.539276873061321549e+00,2.539276873061321549e+00,2.539276873061321549e+00
inf,inf,inf,inf,inf,inf,inf,inf,inf,inf,inf,inf
inf,inf,inf,inf,inf,inf,inf,inf,inf,inf,inf,inf
inf,inf,inf,inf,inf,inf,inf,inf,inf,inf,inf,inf
inf,inf,inf,inf,inf,inf,inf,inf,2.888419132267557199e+00,2.869050992205519623e+00,2.869050992205519623e+00,2.869050992205519623e+00
inf,inf,inf,inf,inf,inf,inf,inf,inf,inf,inf,inf
inf,inf,inf,inf,inf,inf,inf,inf,inf,inf,inf,inf
inf,inf,inf,inf,inf,inf,inf,inf,inf,inf,inf,inf
inf,inf,inf,inf,inf,inf,inf,inf,inf,inf,inf,inf
inf,inf,inf,inf,inf,inf,inf,inf,inf,inf,inf,inf
inf,inf,inf,inf,inf,inf,inf,inf,inf,inf,inf,inf
inf,inf,inf,inf,inf,inf,inf,inf,inf,inf,inf,inf
inf,inf,inf,inf,inf,inf,inf,inf,inf,inf,inf,inf
inf,inf,inf,inf,inf,inf,inf,inf,inf,inf,inf,inf
inf,inf,inf,inf,inf,inf,inf,inf,inf,inf,inf,inf
inf,inf,inf,inf,inf,inf,inf,inf,inf,inf,inf,inf
inf,inf,inf,inf,inf,inf,inf,inf,inf,inf,inf,inf
inf,inf,inf,inf,inf,inf,inf,inf,inf,inf,inf,inf
inf,inf,inf,inf,inf,inf,inf,inf,inf,inf,inf,inf
inf,inf,inf,inf,inf,inf,inf,inf,inf,inf,inf,2.149441014475462985e+00
inf,inf,inf,inf,inf,inf,inf,inf,inf,inf,inf,inf
inf,inf,inf,inf,inf,inf,inf,inf,inf,inf,inf,inf
inf,inf,inf,inf,inf,inf,inf,inf,inf,inf,inf,inf
inf,inf,inf,inf,inf,inf,inf,inf,inf,inf,inf,inf
inf,inf,inf,inf,inf,inf,inf,inf,inf,inf,inf,inf
inf,inf,inf,inf,inf,inf,inf,inf,inf,inf,inf,inf
inf,inf,inf,inf,inf,inf,inf,5.378284568122165155e+00,5.378284568122165155e+00,5.378284568122165155e+00,5.378284568122165155e+00,5.378284568122165155e+00
inf,inf,inf,inf,inf,inf,inf,inf,inf,inf,inf,inf
inf,inf,inf,inf,inf,inf,inf,inf,inf,inf,inf,inf
inf,inf,inf,inf,inf,inf,inf,inf,inf,inf,inf,inf
inf,inf,inf,inf,inf,inf,inf,inf,inf,inf,inf,inf
inf,inf,inf,inf,inf,inf,inf,inf,inf,inf,inf,inf
inf,inf,inf,inf,inf,inf,inf,inf,inf,inf,inf,inf
inf,inf,inf,inf,inf,inf,inf,inf,inf,3.701545474429332572e+00,3.701545474429332572e+00,3.701545474429332572e+00
inf,inf,inf,inf,inf,inf,inf,inf,inf,inf,inf,inf
inf,inf,inf,inf,inf,inf,inf,inf,inf,inf,inf,inf
inf,inf,inf,inf,inf,inf,inf,inf,inf,inf,inf,inf
inf,inf,inf,inf,inf,inf,inf,inf,inf,inf,inf,inf
inf,inf,inf,inf,inf,inf,inf,inf,inf,inf,inf,inf
inf,inf,inf,inf,inf,inf,inf,inf,inf,inf,inf,inf
inf,inf,inf,inf,inf,inf,inf,inf,inf,inf,inf,inf
inf,inf,inf,inf,inf,inf,inf,inf,inf,inf,inf,inf
inf,inf,inf,inf,inf,inf,inf,inf,inf,inf,inf,inf
inf,inf,inf,inf,inf,inf,inf,inf,inf,inf,inf,inf
inf,inf,inf,inf,inf,inf,inf,inf,inf,inf,inf,inf
inf,inf,inf,inf,inf,inf,inf,inf,inf,inf,inf,inf
inf,inf,inf,inf,inf,inf,inf,inf,inf,inf,inf,inf
inf,inf,inf,inf,inf,inf,inf,inf,inf,inf,inf,inf
inf,inf,inf,inf,inf,3.975880855802115921e+00,3.975880855802115921e+00,3.975880855802115921e+00,3.975880855802115921e+00,3.975880855802115921e+00,3.975880855802115921e+00,3.975880855802115921e+00
inf,inf,inf,inf,inf,inf,inf,inf,inf,inf,inf,inf
inf,inf,inf,inf,inf,inf,inf,inf,inf,inf,inf,inf
inf,inf,inf,inf,inf,inf,inf,inf,inf,inf,inf,inf
inf,inf,inf,inf,inf,inf,inf,inf,inf,inf,inf,inf
inf,inf,inf,inf,inf,inf,inf,inf,inf,inf,inf,inf
inf,inf,inf,1.974164628569156088e+00,1.974164628569156088e+00,1.974164628569156088e+00,1.974164628569156088e+00,1.974164628569156088e+00,1.974164628569156088e+00,1.974164628569156088e+00,1.974164628569156088e+00,1.974164628569156088e+00
inf,inf,inf,inf,inf,inf,inf,inf,inf,inf,1.946960997773005353e+00,1.946960997773005353e+00
inf,inf,inf,inf,inf,inf,inf,inf,1.973934721228028266e+00,1.973934721228028266e+00,1.973934721228028266e+00,1.973934721228028266e+00
inf,inf,inf,inf,inf,inf,inf,inf,inf,2.112425932553885222e+00,2.112425932553885222e+00,2.112425932553885222e+00
inf,inf,inf,inf,1.053503787878787845e+00,1.053503787878787845e+00,1.053503787878787845e+00,1.053503787878787845e+00,1.053503787878787845e+00,1.053503787878787845e+00,1.053503787878787845e+00,1.053503787878787845e+00
inf,inf,inf,inf,inf,inf,inf,inf,inf,inf,inf,inf
inf,inf,inf,inf,inf,inf,inf,inf,inf,inf,inf,inf
inf,inf,inf,inf,inf,inf,inf,inf,inf,inf,inf,inf
inf,inf,inf,inf,inf,inf,inf,inf,inf,inf,inf,inf
inf,inf,inf,inf,inf,inf,inf,inf,inf,inf,inf,inf
inf,inf,inf,inf,inf,inf,inf,inf,inf,inf,inf,inf
inf,inf,inf,inf,inf,inf,inf,inf,inf,inf,inf,inf
inf,inf,inf,inf,inf,inf,inf,inf,inf,inf,inf,inf
inf,inf,inf,inf,inf,inf,inf,inf,inf,inf,inf,inf
inf,inf,inf,inf,inf,inf,inf,inf,inf,inf,inf,inf
inf,inf,inf,inf,inf,inf,inf,inf,inf,inf,inf,inf
inf,inf,inf,inf,inf,inf,inf,inf,inf,inf,inf,inf
inf,inf,inf,inf,inf,inf,inf,inf,inf,inf,inf,inf
inf,inf,inf,inf,inf,inf,inf,inf,inf,inf,inf,inf
inf,inf,inf,inf,inf,inf,inf,inf,inf,inf,inf,inf
inf,inf,inf,inf,inf,inf,inf,inf,inf,inf,inf,inf
inf,inf,inf,inf,inf,inf,inf,inf,inf,inf,inf,inf
inf,inf,inf,inf,inf,inf,inf,inf,inf,inf,inf,inf
inf,inf,inf,inf,inf,inf,inf,inf,inf,inf,inf,inf
inf,inf,inf,inf,inf,inf,inf,inf,inf,inf,inf,inf
inf,inf,inf,inf,inf,inf,inf,inf,inf,inf,inf,inf
inf,inf,inf,inf,inf,inf,inf,inf,inf,inf,inf,inf
inf,inf,inf,inf,inf,inf,inf,inf,inf,inf,inf,inf
inf,inf,inf,inf,inf,inf,inf,inf,inf,inf,inf,inf
inf,inf,inf,inf,inf,inf,inf,inf,inf,inf,inf,inf
inf,inf,inf,inf,inf,inf,inf,inf,inf,inf,inf,inf
inf,inf,inf,inf,inf,inf,inf,inf,inf,inf,inf,inf
inf,inf,inf,inf,inf,inf,inf,inf,inf,inf,inf,inf
inf,inf,inf,inf,inf,inf,inf,inf,inf,inf,inf,inf
inf,inf,inf,inf,inf,inf,inf,inf,inf,inf,inf,inf
inf,inf,inf,inf,inf,inf,inf,inf,inf,inf,inf,inf
inf,inf,inf,inf,inf,inf,inf,inf,inf,inf,inf,inf
inf,inf,inf,inf,inf,inf,inf,inf,3.605444205837906591e+00,3.605444205837906591e+00,3.605444205837906591e+00,3.605444205837906591e+00
inf,inf,inf,inf,inf,inf,inf,inf,inf,inf,inf,inf
inf,inf,inf,inf,4.340973713513083254e+00,4.340973713513083254e+00,4.340973713513083254e+00,4.340973713513083254e+00,4.340973713513083254e+00,4.340973713513083254e+00,4.340973713513083254e+00,4.340973713513083254e+00
inf,inf,inf,inf,inf,inf,4.636746401018053909e+00,4.636746401018053909e+00,4.636746401018053909e+00,4.636746401018053909e+00,4.636746401018053909e+00,4.636746401018053909e+00
inf,inf,inf,inf,inf,inf,inf,inf,inf,inf,inf,inf
inf,inf,inf,inf,inf,inf,inf,inf,inf,inf,inf,inf
inf,inf,inf,inf,inf,inf,inf,inf,inf,inf,inf,inf
inf,inf,inf,inf,inf,inf,inf,inf,inf,inf,inf,inf
inf,inf,inf,inf,inf,inf,inf,inf,inf,inf,inf,inf
inf,inf,inf,inf,inf,inf,inf,inf,inf,inf,inf,inf
inf,inf,inf,inf,inf,inf,inf,inf,inf,inf,inf,inf
inf,inf,inf,inf,inf,inf,inf,inf,inf,inf,inf,inf
inf,inf,inf,inf,inf,inf,inf,inf,inf,inf,inf,inf
inf,inf,inf,inf,inf,inf,inf,inf,inf,inf,inf,inf
inf,inf,inf,inf,inf,inf,inf,inf,inf,inf,inf,inf
inf,inf,inf,inf,inf,inf,inf,inf,inf,inf,inf,inf
inf,inf,inf,inf,inf,inf,inf,inf,inf,inf,inf,inf
inf,inf,inf,inf,inf,inf,inf,inf,inf,inf,inf,inf
inf,inf,inf,inf,inf,inf,inf,inf,inf,inf,inf,inf
inf,inf,inf,inf,inf,inf,inf,inf,inf,inf,inf,inf
inf,inf,inf,inf,inf,inf,inf,inf,inf,inf,inf,inf
inf,inf,inf,inf,inf,inf,inf,inf,inf,inf,inf,inf
inf,inf,inf,inf,inf,inf,inf,inf,inf,inf,inf,inf
inf,inf,inf,inf,inf,inf,inf,inf,inf,inf,inf,inf
inf,inf,inf,inf,inf,inf,inf,inf,inf,inf,inf,inf
inf,inf,inf,inf,inf,inf,inf,inf,inf,inf,inf,inf
inf,inf,inf,inf,inf,inf,inf,inf,inf,inf,inf,inf
inf,inf,inf,inf,inf,inf,inf,inf,inf,inf,inf,inf
inf,inf,inf,inf,inf,inf,inf,inf,inf,inf,inf,inf
inf,inf,inf,inf,inf,inf,inf,inf,inf,inf,inf,inf
inf,inf,inf,inf,inf,inf,inf,inf,inf,inf,inf,inf
inf,inf,inf,inf,inf,inf,inf,inf,inf,inf,4.547287590471644769e+00,4.547287590471644769e+00
inf,inf,inf,inf,inf,inf,inf,inf,inf,inf,inf,inf
inf,inf,inf,inf,inf,inf,inf,inf,inf,inf,inf,inf
inf,inf,inf,inf,inf,inf,inf,inf,inf,inf,inf,inf
inf,inf,inf,inf,inf,inf,inf,inf,inf,inf,inf,inf
inf,inf,inf,inf,inf,inf,inf,inf,inf,inf,inf,inf
inf,inf,inf,inf,inf,inf,inf,inf,inf,inf,inf,inf
inf,inf,inf,inf,inf,inf,inf,inf,inf,inf,inf,inf
inf,inf,inf,inf,inf,inf,inf,inf,inf,inf,inf,inf
inf,inf,inf,inf,inf,inf,inf,inf,inf,inf,inf,inf
inf,inf,inf,inf,inf,inf,inf,inf,inf,inf,inf,inf
inf,inf,inf,inf,inf,inf,inf,inf,inf,inf,inf,inf
inf,inf,inf,inf,inf,inf,inf,inf,inf,inf,inf,inf
inf,inf,inf,inf,inf,inf,inf,inf,inf,inf,inf,inf
inf,inf,inf,inf,inf,inf,inf,inf,inf,inf,inf,inf
inf,inf,inf,inf,inf,inf,inf,inf,inf,inf,inf,inf
inf,inf,inf,inf,inf,inf,inf,inf,inf,inf,inf,inf
inf,inf,inf,inf,inf,inf,inf,inf,inf,inf,inf,inf
inf,inf,inf,inf,inf,inf,inf,2.891159379225324066e+00,2.891159379225324066e+00,2.891159379225324066e+00,2.249960232243696900e+00,2.249960232243696900e+00
inf,inf,inf,inf,inf,inf,inf,1.789673307881969322e+00,1.789673307881969322e+00,1.789673307881969322e+00,1.789673307881969322e+00,1.789673307881969322e+00
inf,inf,inf,inf,inf,inf,inf,inf,inf,inf,inf,inf
inf,inf,inf,inf,inf,inf,inf,inf,inf,inf,inf,inf
inf,inf,inf,inf,inf,inf,inf,inf,inf,inf,inf,inf
inf,inf,inf,inf,inf,inf,inf,inf,inf,inf,inf,inf
inf,inf,inf,inf,inf,inf,inf,inf,inf,inf,inf,inf
inf,inf,inf,inf,inf,inf,inf,2.870635488745724828e+00,2.870635488745724828e+00,2.870635488745724828e+00,2.870635488745724828e+00,2.870635488745724828e+00
inf,inf,inf,inf,inf,inf,inf,inf,inf,inf,inf,inf
inf,inf,inf,inf,inf,inf,inf,inf,inf,inf,inf,inf
inf,inf,inf,inf,inf,inf,inf,inf,inf,inf,inf,inf
inf,inf,inf,inf,inf,inf,inf,inf,inf,inf,inf,inf
inf,inf,inf,inf,inf,inf,inf,inf,inf,inf,inf,inf
inf,inf,inf,inf,inf,inf,inf,inf,inf,inf,inf,inf
inf,inf,inf,inf,inf,inf,inf,inf,inf,inf,inf,inf
inf,inf,inf,inf,inf,inf,inf,inf,1.581532599618229451e+00,1.581532599618229451e+00,1.581532599618229451e+00,1.581532599618229451e+00
inf,inf,inf,inf,inf,inf,inf,inf,inf,inf,inf,inf
inf,inf,inf,inf,inf,inf,inf,inf,inf,inf,2.753246043108247942e+00,2.517628300723773194e+00
inf,inf,inf,inf,inf,inf,inf,inf,inf,inf,inf,inf
inf,inf,inf,inf,inf,inf,inf,inf,inf,inf,inf,inf
inf,inf,inf,inf,inf,inf,inf,inf,inf,inf,inf,inf
inf,inf,inf,inf,inf,inf,inf,inf,inf,inf,inf,inf
inf,inf,inf,inf,inf,inf,inf,inf,inf,inf,inf,inf
inf,inf,inf,inf,inf,inf,inf,inf,inf,inf,inf,inf
inf,inf,inf,inf,inf,inf,inf,inf,inf,inf,inf,inf
inf,inf,inf,inf,inf,inf,inf,inf,inf,inf,inf,inf
inf,inf,inf,inf,inf,inf,inf,inf,inf,inf,inf,inf
inf,inf,inf,inf,inf,inf,inf,inf,inf,inf,inf,inf
inf,inf,inf,inf,inf,inf,inf,inf,inf,inf,inf,inf
inf,inf,inf,inf,inf,inf,inf,inf,inf,inf,inf,inf
inf,inf,inf,inf,inf,inf,inf,inf,inf,inf,inf,inf
inf,inf,inf,inf,inf,inf,inf,inf,inf,inf,inf,inf
inf,inf,inf,inf,inf,inf,inf,inf,inf,inf,inf,inf
inf,inf,inf,inf,inf,inf,inf,inf,inf,inf,inf,inf
inf,inf,inf,inf,inf,inf,inf,inf,inf,inf,inf,inf
inf,inf,inf,inf,inf,inf,inf,inf,inf,inf,inf,inf
inf,inf,inf,inf,inf,inf,inf,inf,inf,inf,inf,inf
inf,inf,inf,inf,inf,inf,inf,inf,inf,inf,inf,inf
inf,inf,inf,inf,inf,inf,inf,inf,inf,inf,inf,4.931201781595481393e+00
inf,inf,inf,inf,inf,inf,inf,inf,inf,inf,4.848944663167102931e+00,4.848944663167102931e+00
inf,inf,inf,inf,inf,inf,inf,inf,inf,4.213928159548237851e+00,4.213928159548237851e+00,4.213928159548237851e+00
inf,inf,inf,inf,inf,inf,inf,inf,4.171445011134971459e+00,4.171445011134971459e+00,4.171445011134971459e+00,4.171445011134971459e+00
inf,inf,inf,inf,inf,inf,inf,4.112141344547840305e+00,4.112141344547840305e+00,4.112141344547840305e+00,4.112141344547840305e+00,4.112141344547840305e+00
inf,inf,inf,inf,inf,inf,3.993024486995943256e+00,3.993024486995943256e+00,3.993024486995943256e+00,3.993024486995943256e+00,3.993024486995943256e+00,3.993024486995943256e+00
inf,inf,inf,inf,inf,3.821289916885389104e+00,3.821289916885389104e+00,3.821289916885389104e+00,3.821289916885389104e+00,3.821289916885389104e+00,3.821289916885389104e+00,3.821289916885389104e+00
inf,inf,inf,inf,3.746501680187703798e+00,3.746501680187703798e+00,3.746501680187703798e+00,3.746501680187703798e+00,3.746501680187703798e+00,3.746501680187703798e+00,3.746501680187703798e+00,3.746501680187703798e+00
inf,inf,inf,3.642651912829077965e+00,3.642651912829077965e+00,3.642651912829077965e+00,3.642651912829077965e+00,3.642651912829077965e+00,3.642651912829077965e+00,3.642651912829077965e+00,3.642651912829077965e+00,3.642651912829077965e+00
inf,inf,inf,inf,inf,inf,inf,inf,inf,inf,inf,inf
inf,inf,inf,inf,inf,inf,inf,inf,inf,inf,inf,inf
inf,inf,inf,inf,inf,inf,inf,inf,inf,inf,inf,inf
inf,inf,inf,inf,inf,inf,inf,inf,inf,inf,inf,inf
inf,inf,inf,inf,inf,inf,inf,inf,inf,inf,inf,inf
inf,inf,inf,inf,inf,inf,inf,inf,inf,inf,inf,inf
inf,inf,inf,inf,inf,inf,inf,inf,inf,inf,inf,inf
inf,inf,inf,inf,inf,inf,inf,inf,inf,inf,inf,inf
inf,inf,inf,inf,inf,inf,inf,inf,inf,inf,inf,inf
inf,inf,inf,inf,inf,inf,inf,inf,inf,inf,inf,inf
inf,inf,inf,inf,inf,inf,inf,inf,inf,3.634822635806887359e+00,3.634822635806887359e+00,3.634822635806887359e+00
inf,inf,inf,inf,inf,inf,inf,inf,inf,inf,inf,inf
inf,inf,inf,inf,inf,inf,inf,inf,inf,inf,inf,inf
inf,inf,inf,inf,inf,inf,inf,inf,inf,inf,inf,inf
inf,inf,inf,inf,inf,inf,inf,inf,inf,inf,inf,inf
inf,inf,inf,inf,inf,inf,inf,inf,inf,inf,inf,inf
inf,inf,inf,inf,inf,inf,inf,inf,inf,inf,inf,inf
inf,inf,inf,inf,inf,inf,inf,inf,inf,4.339364362125189167e+00,4.339364362125189167e+00,4.339364362125189167e+00
inf,inf,inf,inf,inf,inf,inf,inf,inf,inf,inf,inf
inf,inf,inf,inf,inf,inf,inf,inf,inf,inf,inf,inf
inf,inf,inf,inf,inf,inf,inf,inf,inf,inf,inf,inf
inf,inf,inf,inf,inf,inf,inf,inf,inf,inf,inf,inf
inf,inf,inf,inf,inf,inf,inf,inf,inf,inf,inf,inf
inf,inf,inf,inf,inf,inf,inf,inf,inf,inf,inf,inf
inf,inf,inf,inf,inf,inf,inf,inf,inf,inf,inf,inf
inf,inf,inf,inf,inf,inf,inf,inf,inf,inf,inf,inf
inf,inf,inf,inf,inf,inf,inf,inf,inf,inf,inf,inf
inf,inf,inf,inf,inf,inf,inf,inf,inf,inf,inf,inf
inf,inf,inf,inf,inf,inf,inf,inf,inf,inf,inf,inf
inf,inf,inf,inf,inf,inf,inf,inf,inf,inf,inf,inf
inf,inf,inf,inf,inf,inf,inf,inf,inf,inf,inf,inf
inf,inf,inf,inf,inf,inf,inf,inf,inf,inf,inf,inf
inf,inf,inf,inf,inf,inf,inf,inf,inf,inf,inf,inf
inf,inf,inf,inf,inf,inf,inf,inf,inf,inf,inf,inf
inf,inf,inf,inf,inf,inf,inf,inf,inf,inf,inf,inf
inf,inf,inf,inf,inf,inf,inf,inf,inf,inf,inf,inf
inf,inf,inf,inf,inf,inf,inf,inf,inf,inf,inf,inf
inf,inf,inf,inf,inf,inf,inf,inf,inf,inf,inf,inf
inf,inf,inf,inf,inf,inf,inf,inf,inf,inf,inf,inf
inf,inf,inf,inf,inf,inf,inf,inf,inf,inf,inf,inf
inf,inf,inf,inf,inf,inf,inf,inf,inf,inf,inf,inf
inf,inf,inf,inf,inf,inf,inf,inf,inf,inf,inf,inf
inf,inf,inf,inf,inf,inf,inf,inf,inf,inf,inf,inf
inf,inf,inf,inf,inf,inf,inf,inf,inf,inf,inf,inf
inf,inf,inf,inf,inf,inf,inf,inf,inf,inf,inf,inf
inf,inf,inf,inf,inf,inf,inf,inf,inf,inf,inf,inf
inf,inf,8.998449057504175341e-01,8.998449057504175341e-01,8.998449057504175341e-01,8.998449057504175341e-01,8.998449057504175341e-01,8.998449057504175341e-01,8.998449057504175341e-01,8.998449057504175341e-01,8.998449057504175341e-01,8.998449057504175341e-01
inf,inf,inf,inf,inf,inf,inf,inf,inf,inf,inf,inf
inf,inf,inf,inf,inf,inf,inf,inf,inf,inf,inf,inf
inf,inf,7.928261453113815138e-01,7.928261453113815138e-01,7.928261453113815138e-01,7.928261453113815138e-01,7.928261453113815138e-01,7.928261453113815138e-01,7.928261453113815138e-01,7.928261453113815138e-01,7.928261453113815138e-01,7.928261453113815138e-01
inf,inf,inf,inf,inf,1.495907649327924860e+00,1.495907649327924860e+00,1.495907649327924860e+00,1.495907649327924860e+00,1.495907649327924860e+00,1.495907649327924860e+00,1.495907649327924860e+00
inf,inf,inf,inf,inf,inf,inf,2.191234440865346578e+00,2.191234440865346578e+00,2.191234440865346578e+00,2.191234440865346578e+00,2.191234440865346578e+00
inf,inf,inf,inf,inf,inf,inf,inf,inf,inf,inf,inf
inf,inf,inf,inf,inf,inf,inf,inf,inf,inf,inf,inf
inf,inf,inf,inf,inf,inf,inf,inf,inf,inf,inf,inf
inf,inf,inf,inf,inf,inf,inf,inf,inf,inf,inf,inf
inf,inf,inf,inf,inf,inf,inf,inf,inf,inf,inf,2.819465571064980303e+00
inf,inf,inf,inf,inf,inf,2.245461504811898212e+00,2.245461504811898212e+00,2.245461504811898212e+00,2.245461504811898212e+00,2.245461504811898212e+00,2.245461504811898212e+00
inf,inf,inf,inf,inf,2.074988318221585804e+00,2.074988318221585804e+00,2.074988318221585804e+00,2.074988318221585804e+00,2.074988318221585804e+00,2.074988318221585804e+00,2.074988318221585804e+00
inf,inf,inf,inf,inf,inf,2.245455291099975881e+00,2.245455291099975881e+00,2.245455291099975881e+00,2.245455291099975881e+00,2.245455291099975881e+00,2.245455291099975881e+00
inf,inf,inf,inf,inf,inf,inf,inf,inf,inf,inf,inf
inf,inf,inf,inf,inf,inf,inf,inf,inf,inf,inf,inf
inf,inf,inf,inf,inf,inf,inf,inf,inf,inf,inf,inf
inf,inf,inf,inf,inf,inf,inf,inf,inf,inf,inf,inf
inf,inf,inf,inf,inf,inf,inf,inf,inf,inf,inf,inf
inf,inf,inf,inf,inf,inf,inf,inf,inf,inf,inf,inf
inf,inf,inf,inf,inf,inf,inf,inf,inf,inf,inf,inf
inf,inf,inf,inf,inf,inf,inf,inf,inf,inf,inf,inf
inf,inf,inf,inf,inf,inf,inf,inf,inf,inf,inf,inf
inf,inf,inf,inf,inf,inf,inf,inf,inf,inf,inf,inf
inf,inf,inf,inf,inf,inf,inf,inf,inf,inf,inf,inf
inf,inf,inf,inf,inf,inf,inf,inf,inf,inf,inf,inf
inf,inf,inf,inf,inf,inf,inf,inf,inf,inf,inf,inf
inf,inf,inf,inf,inf,inf,inf,inf,inf,inf,inf,inf
inf,inf,inf,inf,inf,inf,inf,inf,inf,inf,inf,inf
inf,inf,inf,inf,inf,inf,inf,inf,inf,inf,inf,inf
inf,inf,inf,inf,inf,inf,inf,inf,inf,inf,inf,inf
inf,inf,inf,inf,inf,inf,inf,inf,inf,inf,inf,inf
inf,inf,inf,inf,inf,inf,inf,inf,inf,inf,inf,inf
inf,inf,inf,inf,inf,inf,inf,inf,inf,inf,inf,inf
inf,inf,inf,inf,inf,inf,inf,inf,inf,inf,inf,inf
inf,inf,inf,inf,inf,inf,inf,inf,inf,inf,inf,inf
inf,inf,inf,inf,inf,inf,inf,inf,inf,inf,inf,inf
inf,inf,inf,inf,inf,inf,inf,inf,inf,inf,inf,inf
inf,inf,inf,inf,inf,inf,inf,inf,inf,inf,inf,inf
inf,inf,inf,inf,inf,inf,inf,inf,inf,inf,inf,inf
inf,inf,inf,inf,inf,inf,inf,inf,inf,inf,inf,inf
inf,inf,inf,inf,inf,inf,inf,inf,inf,inf,inf,inf
inf,inf,inf,inf,inf,inf,inf,inf,inf,inf,inf,inf
inf,inf,inf,inf,inf,inf,inf,inf,inf,inf,inf,inf
inf,inf,inf,2.962424441263023844e+00,2.962424441263023844e+00,2.962424441263023844e+00,2.962424441263023844e+00,2.962424441263023844e+00,2.962424441263023844e+00,2.962424441263023844e+00,2.962424441263023844e+00,2.962424441263023844e+00
inf,inf,inf,3.749888153185397144e+00,3.749888153185397144e+00,3.749888153185397144e+00,3.749888153185397144e+00,3.749888153185397144e+00,3.749888153185397144e+00,3.749888153185397144e+00,3.749888153185397144e+00,3.749888153185397144e+00
inf,inf,inf,3.813274228505527663e+00,3.813274228505527663e+00,3.813274228505527663e+00,3.813274228505527663e+00,3.813274228505527663e+00,3.813274228505527663e+00,3.813274228505527663e+00,3.813274228505527663e+00,3.813274228505527663e+00
inf,inf,inf,3.866687296190248979e+00,3.866687296190248979e+00,3.866687296190248979e+00,3.866687296190248979e+00,3.866687296190248979e+00,3.866687296190248979e+00,3.866687296190248979e+00,3.866687296190248979e+00,3.866687296190248979e+00
inf,inf,inf,inf,inf,inf,inf,inf,inf,inf,inf,inf
inf,inf,inf,inf,inf,inf,inf,inf,inf,2.080841634852461652e+00,2.080841634852461652e+00,2.080841634852461652e+00
inf,inf,inf,inf,inf,inf,inf,inf,inf,inf,inf,inf
inf,inf,inf,inf,inf,inf,inf,inf,inf,inf,inf,inf
inf,inf,inf,inf,inf,inf,inf,inf,inf,inf,inf,inf
inf,inf,inf,inf,inf,inf,inf,inf,inf,inf,inf,inf
inf,inf,inf,inf,inf,inf,inf,inf,1.508353714308438454e+00,1.508353714308438454e+00,1.491234937962300000e+00,1.491234937962300000e+00
inf,inf,inf,inf,inf,inf,inf,inf,inf,1.645962578541318333e+00,1.645962578541318333e+00,1.628843802195179880e+00
inf,inf,inf,inf,inf,inf,inf,inf,2.481191094010975817e+00,2.245573351626501069e+00,2.230498886502823463e+00,2.230498886502823463e+00
inf,inf,inf,inf,inf,inf,inf,inf,inf,inf,inf,inf
inf,inf,inf,inf,inf,inf,inf,inf,inf,inf,inf,inf
inf,inf,inf,inf,inf,inf,inf,inf,inf,inf,inf,inf
inf,inf,inf,inf,inf,inf,inf,inf,inf,inf,inf,inf
inf,inf,inf,inf,inf,inf,inf,inf,inf,inf,inf,inf
inf,inf,inf,inf,inf,inf,inf,inf,inf,inf,inf,inf
inf,inf,inf,inf,inf,inf,inf,inf,inf,inf,inf,inf
inf,inf,inf,inf,inf,inf,inf,inf,inf,inf,inf,inf
inf,inf,inf,inf,inf,inf,inf,inf,inf,inf,inf,inf
inf,inf,inf,inf,inf,inf,inf,inf,inf,inf,inf,inf
inf,inf,inf,inf,inf,inf,inf,inf,inf,inf,inf,inf
inf,inf,inf,inf,inf,inf,inf,inf,inf,inf,inf,inf
inf,inf,inf,inf,inf,inf,inf,inf,inf,inf,inf,inf
inf,inf,inf,inf,inf,inf,inf,inf,inf,inf,inf,inf
inf,inf,inf,inf,inf,inf,inf,inf,inf,inf,inf,inf
inf,inf,inf,inf,inf,inf,inf,inf,3.650201572814761874e+00,3.414583830430287126e+00,3.414583830430287126e+00,3.414583830430287126e+00
inf,inf,inf,inf,inf,inf,inf,inf,inf,inf,inf,inf
inf,inf,2.560509126700071469e+00,2.560509126700071469e+00,2.560509126700071469e+00,2.560509126700071469e+00,2.560509126700071469e+00,2.560509126700071469e+00,2.560509126700071469e+00,2.560509126700071469e+00,2.560509126700071469e+00,2.560509126700071469e+00
inf,inf,inf,inf,inf,inf,inf,inf,5.114195597709376706e+00,5.114195597709376706e+00,5.114195597709376706e+00,5.114195597709376706e+00
inf,inf,inf,inf,inf,inf,inf,inf,inf,inf,inf,inf
inf,inf,inf,inf,inf,inf,inf,inf,inf,inf,inf,3.512052115644634931e+00
inf,inf,1.120661586335798932e+00,9.915655074365703481e-01,9.915655074365703481e-01,9.915655074365703481e-01,9.915655074365703481e-01,9.915655074365703481e-01,9.915655074365703481e-01,9.915655074365703481e-01,9.915655074365703481e-01,9.915655074365703481e-01
inf,inf,inf,inf,inf,inf,inf,inf,inf,inf,inf,inf
inf,inf,inf,inf,inf,inf,inf,inf,inf,inf,inf,inf
inf,inf,inf,inf,inf,inf,inf,inf,inf,inf,inf,inf
inf,inf,inf,inf,inf,inf,inf,inf,inf,inf,inf,inf
inf,inf,inf,inf,inf,inf,inf,inf,inf,inf,inf,inf
inf,inf,inf,inf,inf,inf,inf,inf,inf,inf,inf,inf
inf,inf,inf,inf,inf,inf,inf,inf,inf,inf,inf,inf
inf,inf,inf,inf,inf,inf,inf,inf,inf,inf,inf,inf
inf,inf,inf,inf,inf,inf,inf,inf,inf,inf,inf,inf
inf,inf,inf,inf,inf,inf,inf,inf,inf,inf,inf,inf
inf,inf,inf,inf,inf,inf,inf,inf,inf,inf,inf,inf
inf,inf,inf,inf,inf,inf,inf,inf,inf,inf,inf,inf
inf,inf,inf,inf,inf,inf,inf,inf,inf,inf,inf,inf
inf,inf,inf,inf,inf,3.221617006680983053e+00,3.221617006680983053e+00,3.221617006680983053e+00,3.221617006680983053e+00,3.221617006680983053e+00,3.221617006680983053e+00,3.221617006680983053e+00
inf,inf,inf,inf,inf,inf,inf,inf,3.575568678915135745e+00,3.575568678915135745e+00,3.575568678915135745e+00,3.575568678915135745e+00
inf,inf,inf,inf,inf,inf,inf,inf,3.740300395689175161e+00,3.740300395689175161e+00,3.740300395689175161e+00,3.740300395689175161e+00
inf,inf,inf,inf,inf,inf,inf,inf,inf,inf,3.750938270500278282e+00,3.750938270500278282e+00
inf,inf,inf,inf,inf,inf,inf,inf,inf,inf,inf,3.890877276704048260e+00
inf,inf,inf,inf,inf,inf,inf,inf,inf,inf,inf,inf
inf,inf,inf,inf,inf,inf,inf,inf,inf,inf,inf,inf
inf,inf,inf,inf,inf,inf,inf,inf,inf,inf,inf,inf
inf,inf,inf,inf,inf,inf,inf,inf,inf,inf,inf,inf
inf,inf,inf,inf,inf,inf,inf,inf,inf,inf,inf,inf
inf,inf,inf,inf,inf,inf,inf,inf,inf,inf,inf,inf
inf,inf,inf,inf,inf,inf,inf,inf,inf,inf,inf,inf
inf,inf,inf,inf,inf,inf,inf,inf,inf,inf,inf,inf
inf,inf,inf,inf,inf,inf,inf,inf,inf,inf,inf,inf
inf,inf,inf,inf,inf,inf,inf,inf,inf,inf,inf,inf
inf,inf,inf,inf,inf,inf,inf,inf,inf,inf,inf,inf
inf,inf,inf,inf,inf,inf,inf,inf,inf,inf,inf,inf
inf,inf,inf,inf,inf,inf,inf,inf,inf,inf,inf,inf
inf,inf,inf,inf,inf,inf,inf,inf,inf,inf,inf,inf
inf,inf,inf,inf,inf,inf,inf,inf,1.864262705798138908e+00,1.864262705798138908e+00,1.864262705798138908e+00,1.864262705798138908e+00
inf,inf,inf,inf,inf,inf,inf,inf,inf,inf,inf,inf
inf,inf,inf,inf,inf,inf,inf,inf,inf,inf,inf,inf
inf,inf,inf,inf,inf,inf,inf,inf,inf,inf,inf,inf
inf,inf,inf,inf,inf,inf,inf,inf,inf,2.961001501232800148e+00,2.941633361170762573e+00,2.941633361170762573e+00
inf,inf,inf,inf,inf,inf,inf,inf,inf,inf,inf,inf
inf,inf,inf,inf,inf,inf,inf,inf,inf,inf,inf,inf
inf,inf,inf,inf,inf,inf,inf,inf,inf,inf,inf,inf
inf,inf,inf,inf,inf,inf,inf,inf,inf,inf,inf,inf
inf,inf,inf,inf,inf,inf,inf,inf,inf,inf,inf,inf
inf,inf,inf,inf,inf,inf,inf,inf,inf,inf,inf,inf
inf,inf,inf,inf,inf,inf,inf,inf,inf,inf,inf,inf
inf,inf,inf,inf,inf,inf,inf,inf,inf,inf,inf,inf
inf,inf,inf,7.457572774994034592e-01,7.457572774994034592e-01,7.457572774994034592e-01,7.457572774994034592e-01,7.457572774994034592e-01,7.457572774994034592e-01,7.457572774994034592e-01,7.457572774994034592e-01,7.457572774994034592e-01
inf,inf,inf,inf,inf,inf,inf,inf,inf,inf,inf,inf
inf,inf,inf,inf,inf,inf,inf,inf,inf,inf,inf,inf
inf,inf,inf,inf,inf,inf,inf,inf,inf,inf,inf,inf
inf,inf,inf,inf,inf,inf,inf,inf,inf,inf,inf,inf
inf,inf,inf,inf,inf,inf,inf,inf,inf,inf,inf,inf
inf,inf,inf,inf,inf,inf,inf,inf,inf,inf,inf,inf
inf,inf,inf,inf,inf,inf,inf,inf,inf,inf,inf,inf
inf,inf,inf,inf,inf,inf,inf,inf,inf,inf,inf,inf
inf,inf,inf,inf,inf,inf,inf,inf,inf,inf,inf,inf
inf,inf,inf,inf,inf,inf,inf,inf,inf,inf,inf,inf
inf,inf,inf,inf,inf,inf,inf,inf,inf,inf,inf,inf
inf,inf,inf,inf,inf,inf,inf,inf,inf,inf,inf,5.700322615923008485e+00
inf,inf,inf,inf,inf,inf,inf,inf,inf,5.359295464487392913e+00,5.359295464487392913e+00,5.359295464487392913e+00
inf,inf,inf,inf,inf,inf,inf,inf,inf,inf,inf,inf
inf,inf,inf,inf,inf,inf,inf,inf,inf,inf,inf,inf
inf,inf,inf,inf,inf,inf,inf,inf,inf,inf,inf,inf
inf,inf,inf,inf,inf,inf,inf,inf,inf,inf,inf,inf
inf,inf,inf,inf,inf,inf,inf,inf,inf,inf,inf,inf
inf,inf,inf,inf,inf,inf,inf,inf,inf,inf,inf,inf
inf,inf,inf,inf,inf,inf,inf,inf,inf,inf,inf,inf
inf,inf,inf,inf,inf,inf,inf,inf,inf,inf,inf,inf
inf,inf,inf,inf,inf,inf,inf,inf,inf,inf,inf,inf
inf,inf,inf,inf,inf,inf,inf,inf,inf,inf,inf,inf
inf,inf,inf,inf,inf,inf,inf,inf,inf,inf,inf,inf
inf,inf,inf,inf,inf,inf,inf,inf,inf,inf,inf,inf
inf,inf,inf,inf,inf,inf,inf,inf,inf,inf,inf,inf
inf,inf,inf,inf,inf,inf,inf,inf,inf,inf,inf,inf
inf,inf,inf,inf,inf,inf,inf,inf,inf,inf,inf,inf
inf,inf,inf,inf,inf,inf,inf,inf,inf,3.721435566292849995e+00,3.485817823908375246e+00,3.485817823908375246e+00
inf,inf,inf,inf,inf,inf,inf,inf,inf,inf,3.770753797820727282e+00,3.535136055436252533e+00
inf,inf,inf,inf,inf,inf,inf,inf,inf,inf,inf,3.820072029348604570e+00
inf,inf,inf,inf,inf,inf,inf,inf,inf,inf,inf,inf
inf,inf,inf,inf,inf,inf,inf,inf,inf,inf,inf,inf
inf,inf,inf,inf,inf,inf,inf,inf,inf,inf,inf,inf
inf,inf,inf,inf,inf,inf,inf,inf,inf,inf,inf,inf
inf,inf,inf,inf,inf,inf,inf,inf,inf,inf,inf,inf
inf,inf,inf,inf,inf,inf,inf,inf,inf,inf,inf,inf
inf,inf,inf,inf,inf,inf,inf,inf,inf,inf,inf,inf
inf,inf,inf,inf,inf,inf,inf,inf,inf,inf,inf,inf
inf,inf,inf,inf,inf,inf,inf,inf,inf,inf,inf,inf
inf,inf,inf,inf,inf,inf,inf,inf,inf,inf,inf,inf
inf,inf,inf,inf,inf,inf,inf,inf,inf,inf,inf,inf
inf,inf,inf,inf,inf,inf,inf,inf,inf,inf,inf,5.767586047482700984e+00
inf,inf,inf,inf,inf,inf,inf,inf,inf,inf,5.506765489541080250e+00,5.506765489541080250e+00
inf,inf,inf,inf,inf,inf,inf,inf,inf,5.297245337230573448e+00,5.297245337230573448e+00,5.297245337230573448e+00
inf,inf,inf,inf,inf,inf,inf,inf,5.209849479042392595e+00,5.209849479042392595e+00,5.209849479042392595e+00,5.209849479042392595e+00
inf,inf,inf,inf,inf,inf,inf,4.946195468464169132e+00,4.946195468464169132e+00,4.946195468464169132e+00,4.946195468464169132e+00,4.946195468464169132e+00
inf,inf,inf,inf,inf,inf,4.638417889525173088e+00,4.638417889525173088e+00,4.638417889525173088e+00,4.638417889525173088e+00,4.638417889525173088e+00,4.638417889525173088e+00
inf,inf,inf,inf,inf,4.496726616559294065e+00,4.496726616559294065e+00,4.496726616559294065e+00,4.496726616559294065e+00,4.496726616559294065e+00,4.496726616559294065e+00,4.496726616559294065e+00
inf,inf,inf,inf,inf,inf,inf,inf,inf,inf,inf,inf
inf,inf,inf,inf,inf,inf,inf,inf,inf,inf,inf,inf
inf,inf,inf,inf,inf,inf,inf,inf,inf,inf,inf,inf
inf,inf,inf,inf,inf,inf,inf,inf,inf,inf,inf,inf
inf,inf,inf,inf,inf,inf,inf,inf,inf,inf,inf,inf
inf,inf,inf,inf,inf,inf,inf,inf,inf,inf,inf,inf
inf,inf,inf,inf,inf,inf,inf,inf,inf,inf,inf,inf
inf,inf,inf,inf,inf,inf,inf,inf,inf,inf,inf,inf
inf,inf,inf,inf,inf,inf,inf,inf,inf,inf,inf,inf
inf,inf,inf,inf,inf,inf,inf,inf,inf,inf,inf,inf
inf,inf,inf,inf,inf,inf,inf,inf,inf,inf,inf,inf
inf,inf,inf,inf,inf,inf,inf,inf,inf,inf,inf,inf
inf,inf,inf,inf,inf,inf,inf,inf,inf,inf,inf,inf
inf,inf,inf,inf,inf,inf,inf,inf,inf,inf,inf,inf
inf,inf,inf,inf,inf,inf,inf,inf,inf,2.542868398552453613e+00,2.307250656167978864e+00,2.292176191044301259e+00
inf,inf,inf,inf,inf,inf,inf,inf,inf,inf,2.600432225801320385e+00,2.364814483416845636e+00
inf,inf,inf,inf,inf,inf,inf,inf,inf,inf,inf,inf
inf,inf,inf,inf,inf,inf,inf,inf,inf,inf,inf,inf
inf,inf,inf,inf,inf,inf,inf,inf,inf,inf,inf,inf
inf,inf,inf,inf,inf,inf,inf,inf,inf,inf,inf,inf
inf,inf,inf,inf,inf,inf,inf,inf,inf,inf,inf,inf
inf,inf,inf,inf,inf,inf,inf,inf,inf,inf,inf,inf
inf,inf,inf,inf,inf,inf,inf,inf,inf,inf,inf,inf
inf,inf,inf,inf,inf,inf,inf,inf,inf,inf,inf,inf
inf,inf,inf,inf,4.468740058060923559e+00,4.468740058060923559e+00,4.468740058060923559e+00,4.468740058060923559e+00,4.468740058060923559e+00,4.468740058060923559e+00,4.468740058060923559e+00,4.468740058060923559e+00
inf,inf,inf,inf,4.713616231209734053e+00,4.713616231209734053e+00,4.713616231209734053e+00,4.713616231209734053e+00,4.713616231209734053e+00,4.713616231209734053e+00,4.713616231209734053e+00,4.713616231209734053e+00
inf,inf,inf,inf,4.905253320607649847e+00,4.905253320607649847e+00,4.905253320607649847e+00,4.905253320607649847e+00,4.905253320607649847e+00,4.905253320607649847e+00,4.905253320607649847e+00,4.905253320607649847e+00
inf,inf,inf,inf,inf,inf,inf,inf,inf,inf,inf,inf
inf,inf,inf,inf,inf,inf,inf,inf,inf,inf,inf,inf
inf,inf,inf,inf,inf,inf,inf,inf,inf,inf,inf,inf
inf,inf,inf,inf,inf,inf,inf,inf,inf,inf,inf,inf
inf,inf,inf,inf,inf,inf,inf,inf,inf,inf,inf,inf
inf,inf,inf,inf,inf,inf,inf,inf,inf,inf,inf,inf
inf,inf,inf,inf,inf,inf,inf,inf,inf,inf,inf,inf
inf,inf,inf,inf,inf,inf,inf,inf,inf,inf,inf,inf
inf,inf,inf,inf,inf,inf,inf,inf,inf,inf,inf,inf
inf,inf,inf,inf,inf,inf,inf,inf,inf,inf,inf,inf
inf,inf,inf,inf,inf,inf,inf,inf,inf,inf,inf,inf
inf,inf,inf,inf,inf,inf,inf,inf,inf,inf,inf,inf
inf,inf,inf,inf,inf,inf,inf,inf,inf,inf,inf,inf
inf,inf,inf,inf,inf,inf,inf,inf,inf,inf,inf,6.531269883878151994e+00
inf,inf,inf,inf,inf,inf,inf,inf,inf,inf,6.395525133221983793e+00,6.395525133221983793e+00
inf,inf,inf,inf,inf,inf,inf,inf,inf,6.279167163763620607e+00,6.279167163763620607e+00,6.279167163763620607e+00
inf,inf,inf,inf,inf,inf,inf,inf,6.103300475224687993e+00,6.103300475224687993e+00,6.103300475224687993e+00,6.103300475224687993e+00
inf,inf,inf,inf,inf,inf,inf,5.522728515469657040e+00,5.522728515469657040e+00,5.522728515469657040e+00,5.522728515469657040e+00,5.522728515469657040e+00
inf,inf,inf,inf,inf,inf,4.956559939950688332e+00,4.956559939950688332e+00,4.956559939950688332e+00,4.956559939950688332e+00,4.956559939950688332e+00,4.956559939950688332e+00
inf,inf,inf,inf,inf,4.639958890081921972e+00,4.639958890081921972e+00,4.639958890081921972e+00,4.639958890081921972e+00,4.639958890081921972e+00,4.639958890081921972e+00,4.639958890081921972e+00
inf,inf,inf,inf,4.350033305495903946e+00,4.350033305495903946e+00,4.350033305495903946e+00,4.350033305495903946e+00,4.350033305495903946e+00,4.350033305495903946e+00,4.350033305495903946e+00,4.350033305495903946e+00
inf,inf,inf,3.938014495347172073e+00,3.938014495347172073e+00,3.938014495347172073e+00,3.938014495347172073e+00,3.938014495347172073e+00,3.938014495347172073e+00,3.938014495347172073e+00,3.938014495347172073e+00,3.938014495347172073e+00
inf,inf,inf,3.070853714308438676e+00,3.070853714308438676e+00,3.070853714308438676e+00,2.804074206633261568e+00,2.804074206633261568e+00,2.804074206633261568e+00,2.804074206633261568e+00,2.804074206633261568e+00,2.804074206633261568e+00
inf,inf,inf,3.364544808319414493e+00,3.364544808319414493e+00,2.510383112622285751e+00,2.510383112622285751e+00,2.510383112622285751e+00,2.510383112622285751e+00,2.510383112622285751e+00,2.510383112622285751e+00,2.510383112622285751e+00
inf,inf,inf,3.444993736578382038e+00,2.429934184363318206e+00,2.429934184363318206e+00,2.429934184363318206e+00,2.429934184363318206e+00,2.429934184363318206e+00,2.429934184363318206e+00,2.429934184363318206e+00,2.429934184363318206e+00
inf,inf,inf,2.283004752246878155e+00,2.283004752246878155e+00,2.283004752246878155e+00,2.283004752246878155e+00,2.283004752246878155e+00,2.283004752246878155e+00,2.283004752246878155e+00,2.283004752246878155e+00,2.283004752246878155e+00
inf,inf,2.153181669052731895e+00,2.153181669052731895e+00,2.153181669052731895e+00,2.153181669052731895e+00,2.153181669052731895e+00,2.153181669052731895e+00,2.153181669052731895e+00,2.153181669052731895e+00,2.153181669052731895e+00,2.153181669052731895e+00
inf,inf,2.153585560327686110e+00,2.153585560327686110e+00,2.153585560327686110e+00,2.153585560327686110e+00,2.153585560327686110e+00,2.153585560327686110e+00,2.153585560327686110e+00,2.153585560327686110e+00,2.153585560327686110e+00,2.153585560327686110e+00
inf,inf,inf,3.241059711286089051e+00,3.241059711286089051e+00,3.241059711286089051e+00,3.241059711286089051e+00,3.241059711286089051e+00,3.241059711286089051e+00,3.241059711286089051e+00,3.241059711286089051e+00,3.241059711286089051e+00
inf,inf,inf,inf,3.921784279805932805e+00,3.921784279805932805e+00,3.921784279805932805e+00,3.705714875129245023e+00,3.705714875129245023e+00,3.424917233357193780e+00,3.405549093295156204e+00,3.405120347172512218e+00
inf,inf,inf,inf,4.053881581563667957e+00,4.053881581563667957e+00,4.053881581563667957e+00,3.837812176886979731e+00,3.837812176886979731e+00,3.557014535114928488e+00,3.537646395052890913e+00,3.537217648930246927e+00
inf,inf,inf,inf,4.138779527559054650e+00,4.138779527559054650e+00,4.138779527559054650e+00,3.922710122882366868e+00,3.922710122882366868e+00,3.641912481110315625e+00,3.622544341048278049e+00,3.622115594925634063e+00
inf,inf,inf,inf,4.260276236777220227e+00,4.260276236777220227e+00,4.260276236777220227e+00,4.044206832100532445e+00,4.044206832100532445e+00,3.763409190328481646e+00,3.744041050266444071e+00,3.743612304143800085e+00
inf,inf,inf,inf,4.355818271295632371e+00,4.355818271295632371e+00,4.355818271295632371e+00,4.139748866618944589e+00,4.139748866618944589e+00,3.858951224846894235e+00,3.839583084784856659e+00,3.839154338662212673e+00
inf,inf,inf,inf,4.680671130597310992e+00,4.680671130597310992e+00,4.680671130597310992e+00,4.464601725920623210e+00,4.464601725920623210e+00,4.183804084148572855e+00,4.164435944086534391e+00,4.164007197963890405e+00
inf,inf,inf,inf,4.954136592300961262e+00,4.954136592300961262e+00,4.954136592300961262e+00,4.738067187624273480e+00,4.738067187624273480e+00,4.457269545852223125e+00,4.437901405790184661e+00,4.437472659667540675e+00
inf,inf,inf,inf,5.232280979082158723e+00,5.232280979082158723e+00,5.232280979082158723e+00,5.016211574405470941e+00,5.016211574405470941e+00,4.735413932633420586e+00,4.716045792571382123e+00,4.715617046448738137e+00
inf,inf,inf,inf,6.397501093613296774e+00,6.397501093613296774e+00,6.397501093613296774e+00,6.181431688936608992e+00,6.181431688936608992e+00,5.900634047164558638e+00,5.881265907102520174e+00,5.880837160979876188e+00
inf,inf,inf,inf,inf,inf,inf,inf,inf,inf,2.219339059890240939e+00,2.219339059890240939e+00
inf,inf,inf,inf,inf,inf,inf,inf,inf,inf,inf,inf
inf,inf,inf,inf,inf,inf,inf,inf,inf,inf,inf,inf
inf,inf,inf,inf,inf,inf,inf,inf,inf,inf,inf,inf
inf,inf,inf,inf,inf,inf,inf,inf,inf,inf,inf,inf
inf,inf,inf,inf,inf,inf,inf,inf,inf,inf,inf,6.421262328004453401e+00
inf,inf,inf,inf,inf,inf,inf,inf,inf,inf,4.597109132665234910e+00,4.597109132665234910e+00
inf,inf,inf,inf,inf,inf,inf,4.120473932235743320e+00,4.120473932235743320e+00,4.120473932235743320e+00,4.120473932235743320e+00,4.120473932235743320e+00
inf,inf,inf,inf,inf,inf,4.039770241787958405e+00,4.039770241787958405e+00,4.039770241787958405e+00,4.039770241787958405e+00,4.039770241787958405e+00,4.039770241787958405e+00
inf,inf,inf,inf,3.925437942416289072e+00,3.925437942416289072e+00,3.925437942416289072e+00,3.925437942416289072e+00,3.925437942416289072e+00,3.925437942416289072e+00,3.925437942416289072e+00,3.925437942416289072e+00
inf,inf,inf,inf,inf,inf,inf,inf,inf,inf,4.382618010816829113e+00,4.382618010816829113e+00
inf,inf,inf,inf,inf,inf,inf,inf,inf,inf,inf,inf
inf,inf,inf,inf,inf,inf,inf,inf,inf,inf,inf,inf
inf,inf,inf,inf,inf,inf,inf,inf,inf,inf,inf,inf
inf,inf,inf,inf,inf,inf,inf,inf,inf,inf,inf,inf
inf,inf,inf,inf,inf,inf,inf,inf,inf,inf,inf,inf
inf,inf,inf,inf,inf,inf,inf,inf,inf,inf,inf,inf
inf,inf,inf,inf,inf,inf,inf,inf,inf,5.212937693867811362e+00,5.212937693867811362e+00,5.212937693867811362e+00
inf,inf,inf,inf,inf,inf,inf,inf,inf,inf,inf,inf
inf,inf,inf,inf,inf,inf,inf,inf,inf,inf,inf,inf
inf,inf,inf,inf,inf,inf,inf,inf,inf,inf,inf,inf
inf,inf,inf,inf,inf,inf,inf,inf,inf,5.690405531694900709e+00,5.690405531694900709e+00,5.690405531694900709e+00
inf,inf,inf,inf,inf,inf,inf,inf,inf,inf,inf,5.945888511095202666e+00
inf,inf,inf,inf,inf,inf,inf,3.005168565577030382e+00,2.073615087886741204e+00,2.065580758371112768e+00,2.065580758371112768e+00,2.065580758371112768e+00
inf,inf,inf,inf,inf,inf,inf,inf,inf,inf,inf,inf
inf,inf,inf,inf,inf,inf,inf,inf,inf,inf,inf,inf
inf,inf,inf,inf,inf,inf,inf,inf,inf,inf,inf,inf
inf,inf,inf,inf,inf,inf,inf,inf,inf,inf,inf,inf
inf,inf,inf,inf,inf,inf,inf,inf,inf,inf,inf,inf
inf,inf,inf,inf,inf,inf,inf,inf,inf,inf,inf,inf
inf,inf,inf,inf,inf,inf,inf,inf,inf,inf,inf,inf
inf,inf,inf,inf,inf,inf,inf,inf,inf,inf,inf,inf
inf,inf,inf,inf,inf,inf,inf,inf,inf,inf,inf,inf
inf,inf,inf,inf,inf,inf,inf,inf,inf,inf,inf,inf
inf,inf,inf,inf,inf,inf,inf,inf,inf,inf,inf,inf
inf,inf,inf,inf,inf,inf,inf,inf,inf,inf,inf,inf
inf,inf,inf,inf,inf,inf,inf,inf,inf,inf,inf,inf
inf,inf,inf,inf,inf,inf,inf,inf,inf,inf,inf,inf
inf,inf,inf,inf,inf,inf,inf,inf,inf,inf,inf,inf
inf,inf,inf,inf,inf,inf,inf,inf,inf,inf,inf,inf
inf,inf,inf,inf,inf,inf,inf,inf,inf,inf,inf,inf
inf,inf,inf,inf,inf,inf,inf,inf,inf,inf,inf,inf
inf,inf,inf,inf,inf,inf,1.236976059810705575e+00,1.236976059810705575e+00,1.236976059810705575e+00,1.236976059810705575e+00,1.236976059810705575e+00,1.236976059810705575e+00
inf,inf,inf,inf,inf,inf,inf,inf,inf,inf,inf,inf
inf,inf,inf,inf,inf,inf,inf,inf,inf,inf,inf,inf
inf,inf,inf,inf,inf,inf,inf,inf,inf,inf,inf,inf
inf,inf,inf,inf,inf,inf,inf,inf,inf,inf,inf,inf
inf,inf,inf,inf,inf,inf,inf,inf,inf,inf,inf,inf
inf,inf,inf,inf,inf,inf,inf,inf,inf,inf,inf,inf
inf,inf,inf,inf,inf,inf,inf,inf,inf,inf,inf,inf
inf,inf,inf,inf,inf,inf,inf,inf,5.558985524536704581e+00,5.558985524536704581e+00,5.558985524536704581e+00,5.558985524536704581e+00
inf,inf,inf,inf,inf,inf,inf,inf,inf,inf,inf,inf
inf,inf,inf,inf,inf,inf,inf,inf,inf,inf,inf,inf
inf,inf,inf,inf,inf,inf,inf,inf,inf,inf,inf,inf
inf,inf,inf,inf,inf,inf,inf,inf,1.462819633341286618e+00,1.445365316551340040e+00,1.445365316551340040e+00,1.445365316551340040e+00
inf,inf,inf,inf,inf,inf,inf,1.339446383122564255e+00,1.339446383122564255e+00,1.339446383122564255e+00,1.339446383122564255e+00,1.339446383122564255e+00
inf,inf,inf,inf,inf,inf,inf,inf,inf,inf,inf,inf
inf,inf,inf,inf,inf,inf,inf,inf,inf,inf,inf,inf
inf,inf,inf,inf,inf,inf,inf,inf,inf,inf,inf,inf
inf,inf,inf,inf,inf,inf,inf,inf,inf,inf,inf,inf
inf,inf,inf,inf,inf,inf,inf,inf,inf,inf,inf,inf
inf,inf,inf,inf,inf,inf,inf,inf,inf,inf,inf,inf
inf,inf,inf,inf,inf,4.764040503459793463e+00,4.764040503459793463e+00,4.764040503459793463e+00,4.764040503459793463e+00,4.764040503459793463e+00,4.764040503459793463e+00,4.764040503459793463e+00
inf,inf,inf,inf,inf,inf,4.862621043108246610e+00,4.862621043108246610e+00,4.862621043108246610e+00,4.862621043108246610e+00,4.862621043108246610e+00,4.862621043108246610e+00
inf,inf,inf,inf,inf,inf,inf,inf,inf,inf,inf,inf
inf,inf,inf,inf,inf,inf,inf,inf,inf,inf,inf,inf
inf,inf,inf,inf,inf,inf,inf,inf,inf,inf,inf,inf
