supplierName,supplierId,licenseStartDate,licenseExpireDate,addressLine1,addressLine2,city,state,zipcode,zipcode4
WALGREENS #01286,20156000625,08/21/2021,08/21/2022,655 S Boulder,,Louisville,CO,80027,
"MEDCO PROFESSIONAL SERVICES, CORP.  DBA: MEDCO PROFESSIONAL SERVICES, CORP.",20156000128,01/28/2022,01/28/2023,401 East Main St,,Trinidad,CO,81082,
G & G MEDICAL,20156000118,01/28/2022,01/28/2023,622 West Gunnison Ave,,Grand Junction,CO,81501,
WALGREENS #03207,20156000634,08/21/2021,08/21/2022,4001 E 120th Ave,,Thorton,CO,80233,
WALGREENS #06827,20156000691,08/21/2021,08/21/2022,1505 S Federal Blvd,,Denver,CO,80219,
CAPITOL MEDICAL SUPPLY,20216000400,04/23/2021,04/23/2022,1160 Lake Plaza,,Colorado Springs,CO,80906,
"PHOENIX MEDICAL SUPPLY SPECIALISTS, LLC",20206000458,05/11/2021,05/11/2022,7950 E Mississippi Ave,Unit D.,Denver,CO,80247,
WALGREEN CO. DBA WALGREENS #18340,20176000900,09/22/2021,09/22/2022,1103 West Prospect Street,,Fort Collins,CO,80526,
WALGREENS #10370,20156000754,08/28/2021,08/28/2022,1671 E Mian St,,Cortez,CO,81321,
WALGREENS #11326,20156000766,08/28/2021,08/28/2022,269 Dillon Ridge Rd,,Dillion,CO,80435,
"AMERITA, INC.",20156000142,01/30/2022,01/30/2023,2270 Garden Of The Gods Rd,Suite 102,Colorado Springs,CO,80907,
"NATIONAL SEATING & MOBILITY, INC.",20156000136,01/29/2022,01/29/2023,12503 E Euclid Dr,Suite 60,Centennial,CO,80111,
WALGREENS #00356,20156000624,08/21/2021,08/21/2022,8011 6th St,,Denver,CO,80202,
WALGREEN CO. D/B/A WALGREENS #17538,20176000897,09/22/2021,09/22/2022,7677 West Jewell Avenue,,Denver,CO,80232,
WALGREENS #12366,20156000777,08/28/2021,08/28/2022,360 W Colorado Blvd,,Glendale,CO,80246,
WALGREENS #09657,20156000733,08/21/2021,08/21/2022,5151 W Colfax Ave,,Denver,CO,80204,
ELEMENT MEDICAL SUPPLY LLC,20196000386,05/08/2021,05/08/2022,3875 Newport St,Unit C,Denver,CO,80207,
WALGREENS #06986,20156000694,08/21/2021,08/21/2022,10601 E Alemeda Ave,,Aurora,CO,80012,
FENIX HEALTH DME,20216000466,05/12/2021,05/12/2022,3425 Austin Bluffs Pkwy,Suite 205,Colorado Springs,CO,80918,
WALGREENS #05642,20156000670,08/21/2021,08/21/2022,1811 W Us Hwy 50,,Pueblo,CO,81008,
"OXYGEN PLUS, INC.  DBA:  OXYGEN PLUS",20156000129,01/28/2022,01/28/2023,1410 Valley View Dr,Suite 306,Delta,CO,81416,
MOUNTAIN VIEW PAIN SPECIALISTS,20216000964,08/24/2021,08/24/2022,5445 Dtc Pkwy,Suite 1130,Greenwood Village,CO,80111,
WALGREENS #09561,20156000723,08/21/2021,08/21/2022,140 Paradise Cir,,Woodland Park,CO,80863,
"PROSTHETIC & ORTHOTIC GROUP OF NORTHERN COLORADO, LLC",20186000899,08/26/2021,08/26/2022,2290 E Prospect Rd,Suite 2,Fort Collins,CO,80525,
WALGREENS #16569,20176000480,06/20/2021,06/20/2022,10103 Ridgegate Pkwy,Suite 117,Lone Tree,CO,80124,
HOVEROUND CORPORATION,20176000766,08/16/2021,08/16/2022,2151 Whitfield Industrial Way,,Sarasota,FL,34243,
"ROTH MEDICAL, INC.   DBA: ROTH MEDICAL",20156000124,01/28/2022,01/28/2023,225 North Lemay Ave,Suite 3,Fort Collins,CO,80524,
"REBOUND RESTORATIVE PROSTHETICS, INC",20156000125,01/28/2022,01/28/2023,1664 Lafayette St,,Denver,CO,80218,
WALGREENS #06213,20156000677,08/21/2021,08/21/2022,10390 Federal Blvd,,Federal Heights,CO,80260,
APRIA HEALTHCARE LLC DBA STAR MEDICAL RX,20156000473,06/09/2021,06/09/2022,2612 Ne Industrial Dr,,Kansas City,MO,64117,
WALGREENS #11327,20156000767,08/28/2021,08/28/2022,450 Ken Pratt Blvd,,Longmont,CO,80501,
WALGREENS #09769,20156000736,08/21/2021,08/21/2022,2900 North Ave,,Grand Junction,CO,81504,
G & G MEDICAL,20156000120,01/28/2022,01/28/2023,739 Kimball St,,Grand Junction,CO,81501,
WALGREENS #06343,20156000680,08/21/2021,08/21/2022,3690 N Garfield Ave,,Loveland,CO,80538,
NOVOCURE INC.,20176000808,08/28/2021,08/28/2022,702 West Drake Rd,Market Centre Prof Park,Fort Collins,CO,80526,
CPAP SUPPLY USA LLC,20176000338,05/02/2021,05/02/2022,720 Moorefield Park Dr,Suite 302,North Chesterfield,VA,23236,
LEVERAGE O&P LLC.,20186000952,10/15/2021,10/15/2022,7208 Woodrow Dr,,Fort Collins,CO,80525,
WALGREENS #07837,20156000710,08/21/2021,08/21/2022,7370 Lagae Rd,,Castle Pines,CO,80108,
WALGREEN CO. D/B/A WALGREENS #19103,20176000899,09/22/2021,09/22/2022,4800 Baseline Rd,,Boulder,CO,80303,
PACIFIC PULMONARY SERVICES,20156000924,10/20/2021,10/20/2022,3830 Singer Blvd,Suite 3000ne,Albuquerque,NM,87109,9347
NEW SCHRYVER LLC,20166000460,06/22/2021,06/22/2022,11585 E 53rd Aveunit H,,Denver,CO,80239,2321
WALGREENS #06284,20156000679,08/21/2021,08/21/2022,6789 W Coal Mine Ave,,Littleton,CO,80123,
"MANN METHOD PT AND FITNESS, PLLC",20216000919,08/12/2021,08/12/2022,13825 W 85th Dr,Suite 200,Arvada,CO,80005,
SPINE PAIN AND REHABILITATION CENTER OF COLORADO,20206000493,06/14/2021,06/14/2022,2480 S Downing St,Suite 210,Denver,CO,80210,
WALGREENS #03190,20156000633,08/21/2021,08/21/2022,1111 S Colorado Blvd,,Denver,CO,80246,
CJ PHARMACY SERVICES LLC,20186000083,01/31/2022,01/31/2023,80751,,Sterling,CO,80751,
MIDTOWN EXPRESS INC.,20186000319,04/23/2021,04/23/2022,20 S Havana Str 203,,Aurora,CO,80012,
WALGREENS #07006,20156000697,08/21/2021,08/21/2022,191 S Mccaslin Blvd,,Louisville,CO,80027,
"ROTH MEDICAL, INC.   DBA: ROTH MEDICAL",20156000123,01/28/2022,01/28/2023,960 West 124th Ave,Suite 300,Westminster,CO,80234,
"VETERANS ADVANTAGE MEDICAL EQUIPMENT, LLC",20196000884,09/06/2021,09/06/2022,27 N Harrison St.,,Cortez,FL,81321,
WALGREENS #07021,20156000698,08/21/2021,08/21/2022,18620 E Iliff Ave,,Aurora,CO,80013,
WALGREENS #09568,20156000728,08/21/2021,08/21/2022,1520 W 4th St,,Pueblo,CO,81004,
"G & G MEDICAL, INC.  DBA: A-MED SUPPLY",20156000126,01/28/2022,01/28/2023,27 North Harrison St,,Cortez,CO,81321,
WALGREENS #04043,20156000650,08/21/2021,08/21/2022,920 N Cir,Dr.,Colorado Springs,CO,80909,
WALGREENS #04468,20156000654,08/21/2021,08/21/2022,9970 Wadsworth Pkwy,,Westminster,CO,80021,
WALGREENS #02843,20156000631,08/21/2021,08/21/2022,120 Broadway,,Denver,CO,80203,
"CERTIFIED PROSTHETICS & ORTHOTICS, LLC",20196000105,04/21/2021,04/21/2022,1620 25th Ave,Suite A,Greeley,CO,80634,
WALGREENS #15101,20156000789,08/28/2021,08/28/2022,15 Sun Rd,PO Box 8438,Avon,CO,81620,
PARADISE MEDICAL SUPPLIES,20206000555,09/24/2021,09/24/2022,10600 W Alameda Ave,Suite 108a,Lakewood,CO,80226,
WALGREENS #04307,20156000652,08/21/2021,08/21/2022,12051 E Mississippi Blvd,,Aurora,CO,80112,
G & G MEDICAL,20156000119,01/28/2022,01/28/2023,90 E 1st St,Unit 3,Craig,CO,81625,
WALGREENS #10601,20156000758,08/28/2021,08/28/2022,2268 East Harmony Rd,,Fort Collins,CO,80528,
SLEEP MANAGEMENT LLC DBA VIEMED,20196000119,01/31/2022,01/31/2023,720 S Colorado Blvd,Penthouse North Suite 1375/1376,Denver,CO,80246,
WALGREENS #07955,20156000714,08/21/2021,08/21/2022,13611 Colorado Blvd,,Thorton,CO,80602,
INNOVATIVE SUPPLY GROUP LLC,20196000862,09/03/2021,09/03/2022,585 Prospect St,Unit 304,Lakewood,NJ,8701,
WALGREENS #07777,20156000709,08/21/2021,08/21/2022,625 N 19th St,,Colorado Springs,CO,80904,
WALGREENS #15022,20156000788,08/28/2021,08/28/2022,1440 Pine Grove Rd,,Steamboat Springs,CO,80487,
"ROTH MEDICAL, INC.  DBA:  ROTECH",20156000122,01/28/2022,01/28/2023,177 Craft Dr,Suite 104,Alamosa,CO,81101,
WALGREENS #06344,20156000681,08/21/2021,08/21/2022,1821 East Bridge St,,Brighton,CO,80601,
"INNOVATIVE PROSTHETIC & ORTHOTIC PROFESSIONALS, INC",20176000313,04/24/2021,04/24/2022,1750 N Humboldt,Suite 102,Denver,CO,80218,
"DJO, LLC",20206000841,07/29/2021,07/29/2022,5919 Sea Otter Place,Suite 200,Carlsbad,CA,92010,
"VETERANS CHOICE MEDICAL EQUIPMENT, LLC",20176000461,06/14/2021,06/14/2022,960 W 12th Ave,Suite 300,Westminster,CO,80234,
"DJO, LLC",20186000303,04/13/2021,04/13/2022,3300 Eagle Pkwy,,Fort Worth,TX,76177,
WALGREENS #12422,20156000778,08/28/2021,08/28/2022,15310 E 104th Ave,,Commerce City,CO,80022,
MEDILOGIX LLC,20176000958,11/02/2021,11/02/2022,1512 Larimer St,Suite 400,Denver,CO,80202,
WALGREENS #10057,20156000742,08/21/2021,08/21/2022,4713 Flintridge Dr,,Colorado Springs,CO,80918,
WALGREENS #10070,20156000743,08/21/2021,08/21/2022,6360 E Evans Ave,,Denver,CO,80222,
"HYGEIA MEDICAL SUPPLIES AND SERVICES, INC.",20156000097,05/26/2021,05/26/2022,12640 W Cedar Dr,Suite E,Lakewood,CO,80228,
STATESERV MEDICAL OF COLORADO LLC,20186000696,07/17/2021,07/17/2022,1201 S Alma School Rd,Suite Asuite 4000,Mesa,CO,85210,
WALGREENS #06283,20156000678,08/21/2021,08/21/2022,1013 Bonforte Blvd,,Pueblo,CO,81001,
WALGREENS #09567,20156000727,08/21/2021,08/21/2022,1235 E Evans Ave,,Denver,CO,80210,
WALGREENS #11255,20156000763,08/21/2021,08/21/2022,4545 E 9th Ave,Suite 100,Denver,CO,80220,
"A BETTER WALKER, LLC",20216000486,05/18/2021,05/18/2022,1905 W 8th St,#112,Loveland,CO,80538,
"DON PAUL RESPIRATORY SERVICES, INC.  DBA: DON PAUL RESPIRATORY SERVICES",20156000130,01/28/2022,01/28/2023,515 E Burlington Ave,Suite B,Ft. Morgan,CO,80701,
"VETERANS CHOICE MEDICAL EQUIPMENT, LLC",20176000462,06/14/2021,06/14/2022,225 N Lemay Ave,Suite 3,Fort Collins,CO,80524,
CAPITOL MEDICAL SUPPLY,20216000399,04/23/2021,04/23/2022,8973 E Kenyon Ave Num 280,,Denver,CO,80237,
WALGREENS #04610,20156000658,08/21/2021,08/21/2022,18461 E Hampden Ave,,Aurora,CO,80013,
"DON PAUL RESPIRATORY SERVICES, INC.  DBA: DON PAUL RESPIRATORY SERVICES",20156000127,01/28/2022,01/28/2023,965 59th Ave,Unit C,Greeley,CO,80634,
WALGREENS #05262,20156000665,08/21/2021,08/21/2022,8705 Lexington Dr,,Colorado Springs,CO,80920,
ANTON MEDICAL SUPPLIES,20216001195,11/08/2021,11/08/2022,7510 W Mississippi Ave.,#220,Lakewood,CO,80226,
"SLEEP DATA HOLDINGS, LLC, DBA BETTERNIGHT",20216000341,04/02/2021,04/02/2022,1421 South Potomac St,Suite 230,Aurora,CO,80012,
WALGREENS #07417,20156000705,08/21/2021,08/21/2022,1480 Main St,,Windsor,CO,80550,
LINCARE INC.,20176000427,06/02/2021,06/02/2022,19387 Us Hwy 19 N,,Clearwater,FL,33764,
WALGREENS #09315,20156000719,08/21/2021,08/21/2022,5962 Firestone Blvd,,Firestone,CO,80504,
WALGREENS #11615,20156000770,08/28/2021,08/28/2022,24250 E Smoky Hill Rd,,Aurora,CO,80016,
WALGREENS #09212,20156000717,08/21/2021,08/21/2022,3700 W 10th St,,Greeley,CO,80634,
"MRB ACQUISITION CORP. DBA LINCARE POWERED MOBILITY, WHOLLY OWNED SUBSIDIARY OF AND COMMONLY OWNED WITH LINCARE INC.",20156000108,01/29/2022,01/29/2023,1898 S Clyde Morris Blvd,Suite 410,Daytona Beach,FL,32119,
"VETERANS CHOICE MEDICAL EQUIPMENT, LLC",20176000457,06/14/2021,06/14/2022,90 E 1st St,Unit 3,Craig,CO,81625,
WALGREENS #06514,20156000685,08/21/2021,08/21/2022,14 E Allen St,,Castle Rock,CO,20108,
"G & G MEDICAL, INC.  DBA: A-MED SUPPLY",20156000121,01/28/2022,01/28/2023,38 E Owen Rd.,Unit 1,Durango,CO,81301,
WALGREENS #06108,20156000675,08/21/2021,08/21/2022,572 32 Rd,,Clifton,CO,81520,
WALGREENS #12769,20156000781,08/28/2021,08/28/2022,265 West Hwy 105,PO Box 3296,Monument,CO,80132,
AUDUBON ORTHOTIC & PROSTHETIC SERVICES,20156000131,01/28/2022,01/28/2023,4110 Briargate Pkwy,Suite 300,Colorado Springs,CO,80920,
WALGREENS #04301,20156000651,08/21/2021,08/21/2022,2975 Federal,,Denver,CO,80211,
"COMMUNITY, A WALGREENS PHARMACY #16516",20166001054,10/19/2021,10/19/2022,2608 E Colfax Ave,,Denver,CO,80206,
WALGREENS #11263,20156000765,08/28/2021,08/28/2022,2600 11th Ave,,Greeley,CO,80631,
ORTHOPEDIC SOLUTIONS,20226000129,01/27/2022,01/27/2023,2217 Plaza Dr,,Rocklin,CA,95765,
"HORIZON PROSTHETICS, LLC",20156000418,05/13/2021,05/13/2022,14 Inverness Dr,Bldg G-128e,Englewood,CO,80112,
"SHALOM FAMILY,INC",20216001033,09/13/2021,09/13/2022,15057 E Colfax Ave,Unit C,Aurora,CO,80011,
COMPREHENSIVE PAIN SPECIALISTS,20176000032,01/25/2022,01/25/2023,400 Indiana St,Suite 320,Golden,CO,80401,
WALGREEN CO. DBA WALGREENS #18163,20176000902,09/22/2021,09/22/2022,1412 Grand Ave,,Glenwood Springs,CO,81601,
"BRACE YOURSELF, LLC",20206000309,04/01/2021,04/01/2022,730 17th St,Suite 900,Denver,CO,80202,
"OPTIGEN, INC., WHOLLY OWNED SUBSIDIARY OF AND COMMONLY OWNED WITH LINCARE INC.",20156000109,01/29/2022,01/29/2023,1351 13th Ave,Suite 100s,Jacksonville Beach,FL,32250,
WALGREENS #10455,20156000756,08/28/2021,08/28/2022,2281 E Arapahoe Rd,,Centennial,CO,80122,
"ABC HOME MEDICAL SUPPLY, INC.",20166000471,06/27/2021,06/27/2022,7302 S Alton Way,Suite 4k,Centennial,CO,80112,2313
WALGREENS #06844,20156000692,08/21/2021,08/21/2022,4502 S College Ave,,Fort Collins,CO,80525,
WALGREENS #04470,20156000656,08/21/2021,08/21/2022,20051 E Smoky Hill Rd,,Centennial,CO,80015,
AFFORDABLE HYPERBARIC SOLUTIONS,20216000357,04/07/2021,04/07/2022,798 County Rd 5,5,Longmont,CO,80504,
"COMED VENTURES, LLC (DBA UNIFY HEALTH MEDICAL SUPPLY)",20196000790,08/18/2021,08/18/2022,1427 S Federal Blvd,Suite B,Denver,CO,80219,
WALGREENS #03298,20156000636,08/21/2021,08/21/2022,3080 S Broadway,,Englewood,CO,80113,
WALGREENS #04366,20156000653,08/21/2021,08/21/2022,4401 Wadworth Blvd,,Wheat Ridge,CO,80033,
WALGREENS #03500,20156000639,08/21/2021,08/21/2022,950 S Quebec St,,Denver,CO,80247,
WALGREENS #07022,20156000699,08/21/2021,08/21/2022,7910 Fountain Mesa Rd,,Fountain,CO,80817,
WALGREENS #10456,20156000757,08/28/2021,08/28/2022,725 W Baptist Rd,,Monument,CO,80132,
"AMERITA, INC.",20156000141,01/30/2022,01/30/2023,7307 South Revere Pky,Suite 200,Centennial,CO,80112,
"CERTIFIED REHAB SERVICES, INC.",20156000881,07/01/2021,07/01/2022,1709 Heath Pkwy,,Fort Collins,CO,80524,
WALGREENS #10117,20156000746,08/21/2021,08/21/2022,17222 S Golden Rd,,Golden,CO,80401,
CWB MEDICAL SOLUTIONS LLC.,20216001165,10/26/2021,10/26/2022,3233 East Bay Dr,Suite. 107,Largo,FL,33771,
ELEVATE PHARMACY LLC,20216000856,07/27/2021,07/27/2022,6825 Bandera Rd,,Leon Valley,TX,78238,
WALGREENS #03510,20156000640,08/21/2021,08/21/2022,7496 S Simms St,,Littleton,CO,80127,
WALGREENS #10306,20156000750,08/21/2021,08/21/2022,3510 Evergreen Pkwy,,Evergreen,CO,80439,
STATESERV MEDICAL OF COLORADO LLC,20196000692,07/02/2021,07/02/2022,1201 S Alma School Rd,Suite 4000,Mesa,AZ,85210,
HANS MEDICAL SUPPLY INC,20156000431,03/29/2021,03/29/2022,911 S Havana St,#f,Aurora,CO,80012,
WALGREENS #11862,20156000772,08/28/2021,08/28/2022,743 S Lemay Ave,,Fort Collins,CO,80524,
WALGREENS #07432,20156000706,08/21/2021,08/21/2022,2697 W Belleview Ave,,Littleton,CO,80123,
TENS UNLIMITED INC,20156000907,10/09/2021,10/09/2022,5145 N Academy Blvd Ste 210,,Colorado Springs,CO,80918,4049
WALGREENS #07252,20156000703,08/21/2021,08/21/2022,2190 W Drake Rd,,Fort Collins,CO,80526,
WALGREENS #10175,20156000748,08/21/2021,08/21/2022,12011 E Iliff Ave,,Aurora,CO,80014,
WALGREENS #09244,20156000718,08/21/2021,08/21/2022,1641 23rd Ave,,Greeley,CO,80634,
"VETERANS CHOICE MEDICAL EQUIPMENT, LLC",20176000465,06/14/2021,06/14/2022,965 59th Ave,Unit C,Greeley,CO,80634,
"OLEARY AND PEPPLER PLLC, DBA MEADOWS DENTAL GROUP",20196000732,07/19/2021,07/19/2022,7430 Park Meadows Dr,Suite 100,Lone Tree,CO,80124,
GRACE MEDICAL INC.,20166000354,05/05/2021,05/05/2022,355 South Teller St,Suite 200,Lakewood,CO,80226,
APRIA HEALTHCARE LLC,20166001134,11/08/2021,11/08/2022,1014 N Butler Ave,,Farmington,NM,87401,
WALGREENS #07138,20156000700,08/21/2021,08/21/2022,13143 S Parker Rd,,Parker,CO,80134,
WALGREENS #04721,20156000661,08/21/2021,08/21/2022,2900 W Northern Ave,,Pueblo,CO,81005,
"ADAPTEC PROSTHETICS, LLC",20156000173,03/31/2021,03/31/2022,1501 West Campus Dr,Suite J,Littleton,CO,80120,
GOLDEN GATE MEDICAL SUPPLY,20216000467,05/12/2021,05/12/2022,612 S Union Ave,,Pueblo,CO,81004,
WALGREENS #03584,20156000642,08/21/2021,08/21/2022,2921 N Nevada,,Colorado Springs,CO,80907,
"WEST LAKE RX, LLC",20216000300,03/23/2021,03/23/2022,1255 Sw Loop 410,Suite 120,San Antonio,TX,78227,
WALGREENS #10704,20156000759,08/28/2021,08/28/2022,8959 E Dry Creek Rd,,Centennial,CO,80112,
BEE LINE MEDICAL SUPPLY,20196000339,04/29/2021,04/29/2022,9085 E Mineral Cir,360,Centennial,CO,80112,
WALGREENS #05645,20156000672,08/21/2021,08/21/2022,205 E Eisenhower Blvd,,Loveland,CO,80537,
WALGREENS #15434,20156000790,08/27/2021,08/27/2022,3555 Colorado Blvd,,Denver,CO,80205,
ARVADA PHARMACY AND MEDICAL SUPPLY,20196000238,03/14/2021,03/14/2022,10382 Ralston Rd,,Arvada,CO,80004,
"MED SOUTH, INC.",20196000445,05/30/2021,05/30/2022,4505 Hwy 78 E.,Suite. 100,Jasper,AL,35501,
WALGREENS #03586,20156000644,08/21/2021,08/21/2022,3480 N Academy Blvd,,Colorado Springs,CO,80917,
WALGREENS #02086,20156000628,08/21/2021,08/21/2022,3700 35th Avenue,,Evans,CO,80620,
WALGREENS #11864,20156000774,08/28/2021,08/28/2022,4315 Centennial Blvd,,Colorado Springs,CO,80907,
"ELECTROSTIM MEDICAL SERVICES, INC.",20156000185,02/05/2022,02/05/2023,2701 W 84th Ave,Suite 135,Westminster,CO,80031,
J&B MEDICAL SUPPLY CO INC,20206000489,05/26/2021,05/26/2022,50496 W Pontiac Trail,,Wixom,MI,48393,
FRONTIER ACCESS & MOBILITY SYSTEMS INC.,20156000845,09/13/2021,09/13/2022,819 E Mulberry St,,Fort Collins,CO,80524,
WALGREENS 09783,20156000764,08/21/2021,08/21/2022,2600 11th Ave,,Greeley,CO,80631,
CARE AIRWAYS,20216000475,05/14/2021,05/14/2022,1095 Broken Sound Pkwy,Suite 101nw,Boca Raton,FL,33487,
WALGREENS #05837,20156000674,08/21/2021,08/21/2022,4351 E 104th Ave,,Thorton,CO,80233,
WALGREENS #06513,20156000684,08/21/2021,08/21/2022,15301 E Iliff Ave,,Aurora,CO,80013,
WALGREENS #06552,20156000686,08/21/2021,08/21/2022,7211 Federal Blvd,,Westminster,CO,80030,
MILITARY MEDICAL SUPPLIES,20206000995,09/23/2021,09/23/2022,1039 Elkton Dr,,Colorado Springs,CO,80907,
WAL-MART INC.,20156000174,02/05/2022,02/05/2023,702 Sw 8th Street Ms 0500,,Bentonville,AR,72716,500
OTTO BOCK ORTHOPEDIC SERVICES LLC,20166000720,07/07/2021,07/07/2022,11501 Alterra Pkwy,#600,Austin,TX,78758,
WALGREENS #11187,20156000762,08/28/2021,08/28/2022,316 W Aspen Ave,,Fruita,CO,81521,
"SAM'S EAST, INC.",20156000176,02/06/2022,02/06/2023,708 Sw 8th St,,Bentonville,AR,72716,500
"WAL-MART STORES EAST, LP",20156000175,02/06/2022,02/06/2023,702 Sw 8th St,Ms 0500,Bentonville,AR,72716,
"MOUNTAIN AIR, LLC",20176000435,06/06/2021,06/06/2022,1260 Doctors Ln,,Fort Collins,CO,80524,
WALGREEN CO. DBA WALGREENS #19273,20176000904,09/22/2021,09/22/2022,28 Town Plz,,Durango,CO,81301,
BRADLEY ABRAHAMSON,20196000922,09/22/2021,09/22/2022,2020 S College,Unit C1,Fort Collins,CO,80525,
"CENTRAL COLORADO PROSTHETICS AND ORTHOTICS, LLC",20186000250,03/31/2021,03/31/2022,28350 County Rd,Unit 8317,Buena Vista,CO,81211,
STATEWIDE HEALTHCARE L.L.C.,20216000981,08/27/2021,08/27/2022,2130 S Academy Blvd,#103,Colorado Springs,CO,80916,
WALGREENS #06785,20156000689,08/21/2021,08/21/2022,835 E 17th Ave,,Longmont,CO,80504,
"BETTER LIVING NOW, INC.",20176000867,09/15/2021,09/15/2022,185 Oser Ave,,Hauppauge,NY,11788,
WALGREENS #05644,20156000671,08/21/2021,08/21/2022,750 E 120th Ave,,Northglenn,CO,80233,
WALGREENS #09493,20156000722,08/21/2021,08/21/2022,2351 S Townsend Ave,,Montrose,CO,81401,
PETERSEN MEDICAL,20156000151,02/04/2022,02/04/2023,1108 N Mildred,,Cortez,CO,81321,
WALGREENS #07451,20156000707,08/21/2021,08/21/2022,16440 East Arapahoe Rd,,Foxfield,CO,80016,
WALGREENS #06467,20156000683,08/21/2021,08/21/2022,1600 E Coalton Rd,,Broomfield,CO,80027,
WALGREENS #07142,20156000702,08/21/2021,08/21/2022,6075 Barnes Rd,,Colorado Springs,CO,80922,
WALGREENS #05621,20156000668,08/21/2021,08/21/2022,6011 Rangewood Dr,,Colorado Springs,CO,80918,
"ACTIVE PHASE SPINAL THERAPIES, PC   DBA: SPINE & INJURY CENTER OF GRAND JUNCTION",20156000133,02/05/2022,02/05/2023,2646 Patterson Rd,Suite A,Grand Junction,CO,81506,
"ADVANCED PHARMACY SERVICES, LLC",20156000901,02/04/2022,02/04/2023,237 S 7th St,,Grand Junction,CO,81501,
WALGREENS #11101,20156000761,08/28/2021,08/28/2022,7190 E Hampden Ave,,Denver,CO,80224,
PSQUARED MEDICALS,20186000456,06/03/2021,06/03/2022,4809 Argonne St,Suite 155,Denver,CO,80249,
WALGREENS #07927,20156000711,08/21/2021,08/21/2022,1770 Hover St,,Longmont,CO,80501,
WALGREENS #06621,20156000687,08/21/2021,08/21/2022,10808 W Jewell Ave,,Lakewood,CO,80232,
WALGREENS #03583,20156000641,08/21/2021,08/21/2022,2785 Dublin Blvd,,Colorado Springs,CO,80918,
"SAM'S WEST, INC.",20156000178,02/06/2022,02/06/2023,702 Sw 8th St,Ms 0500,Bentonville,AR,72712,500
HP COMPOUNDING PHARMACY AND MEDICAL SUPPLY,20176000307,04/21/2021,04/21/2022,1555 S Havana St,Unit Hj,Aurora,CO,80012,
WALGREENS #11617,20156000771,08/28/2021,08/28/2022,750 W Victory Way,,Moffat,CO,81625,
STATESERV MEDICAL OF COLORADO LLC,20186000697,07/17/2021,07/17/2022,1201 S Alma School Rd,Suite Bsuite 4000,Mesa,AZ,85210,
SENIOR CARE SERVICE DBA ACTIVSTYLE,20146000581,12/31/2021,12/31/2022,565 S Commercial Dr,,Grand Junction,CO,81505,6900
COLORADO MEDICAL SUPPLIES LLC,20196000330,04/20/2021,04/20/2022,15 W Dry Creek Cir,Suite 222,Littleton,CO,80120,
WALGREENS #09912,20156000740,08/21/2021,08/21/2022,1203 Main St,,Alamosa,CO,81101,
"VETERANS CHOICE MEDICAL EQUIPMENT, LLC",20176000455,06/14/2021,06/14/2022,4740 Forge Rd,Suite 100 & 102,Colorado Springs,CO,80907,
WALGREENS #01769,20156000627,08/21/2021,08/21/2022,2000 E Colfax,,Denver,CO,80206,
WALGREENS #03091,20156000632,08/21/2021,08/21/2022,8151 South Qubec St,,Centennial,CO,80112,
"VETERANS CHOICE MEDICAL EQUIPMENT, LLC",20176000460,06/14/2021,06/14/2022,9540 E Jewell Ave,,Denver,CO,80247,
"NATIONAL MEDICAL SUPPLY, INC.",20156000484,05/18/2021,05/18/2022,8021 S Grant Way,,Littleton,CO,80122,
WALGREEN CO. DBA WALGREENS #17003,20176000901,09/22/2021,09/22/2022,100 E Mineral Ave,,Greeley,CO,80631,
WALGREENS #09566,20156000726,08/21/2021,08/21/2022,12880 W Alameda Pkwy,,Lakewood,CO,80228,
"VETERANS CHOICE MEDICAL EQUIPMENT, LLC",20176000456,06/14/2021,06/14/2022,622 W Gunnison Ave,,Grand Junction,CO,81501,
WALGREENS #03499,20156000638,08/21/2021,08/21/2022,11602 W 64th Ave,,Arvada,CO,80004,
VALLEY HOME MEDICAL,20156000611,08/14/2021,08/14/2022,395 S Vernal Ave,,Vernal,UT,84047,
WALGREENS #09887,20156000739,08/21/2021,08/21/2022,10140 W Colfax Ave,,Lakewood,CO,80215,
WALGREENS #06345,20156000682,08/21/2021,08/21/2022,2400 E Midway Blvd,,Broomfield,CO,80234,
WALGREENS #13148,20156000786,08/27/2021,08/27/2022,16950 E Smoky Hill Rd,,Centennial,CO,80015,
WALGREENS#05261,20156000664,08/21/2021,08/21/2022,19028 Lincoln Ave,,Parker,CO,80134,
ROTECH,20156000614,08/14/2021,08/14/2022,6002 Us Hwy 30,Unit 1,Cheyenne,WY,82001,
WALGREENS #09979,20156000741,08/21/2021,08/21/2022,111 East Platte Ave,,Fort Morgan,CO,80701,
"COMMUNITY, A WALGREENS PHARMACY #16531",20166001056,10/19/2021,10/19/2022,15 N Union Blvd.,Suite 120,Colorado Springs,CO,80909,
WALGREENS #10371,20156000755,08/28/2021,08/28/2022,2701 Main Ave,,Durango,CO,81301,
WALGREENS #05538,20156000666,08/21/2021,08/21/2022,6650 Timberline Rd,,Highlands Ranch,CO,80130,
WALGREENS #09607,20156000732,08/21/2021,08/21/2022,7443 W Chatfield Ave,,Littleton,CO,80128,
WALGREEN CO. D/B/A WALGREENS #17807,20176000889,09/21/2021,09/21/2022,100 E Mineral Ave,,Littleton,CO,80122,
WALGREEN CO. D/B/A WALGREENS #19547,20176000898,09/22/2021,09/22/2022,2870 S Colorado Blvd,,Boulder,CO,80301,
U-MED INC.,20156000880,09/25/2021,09/25/2022,62801 Us Hwy 40,,Granby,CO,80446,1876
WALGREENS #10307,20156000751,08/28/2021,08/28/2022,240 W Park Dr,,Deerfield,IL,60015,
"SUNMED MEDICAL SYSTEMS, LLC",20156000975,10/16/2021,10/16/2022,601 E Hampden Ave,Suite 405,Englewood,CO,80113,
WALGREENS #02641,20156000630,08/21/2021,08/21/2022,4175 E Wildcat Reserve Pkwy,,Highlands Ranch,CO,80126,
ASM LLC DBA ACTION SEATING & MOBILITY,20206000322,04/09/2021,04/09/2022,788 W 8th Ave,,Denver,CO,80204,4330
GRACE MEDICAL SUPPLY CORP,20216000176,02/12/2022,02/12/2023,8753 Yates Dr,Suite 101,Westminster,CO,80031,
WALGREENS #03266,20156000635,08/21/2021,08/21/2022,6395 North Seridan Blvd,,Arvada,CO,80003,
WALGREENS #06826,20156000690,08/21/2021,08/21/2022,6390 Mcintyre Pkwy,,Arvada,CO,80403,
WALGREENS #16022,20156000915,09/25/2021,09/25/2022,1111 Broadway,,Boulder,CO,80302,
ABILITIES UNLIMITED OF DENVER LLC,20166000252,03/14/2021,03/14/2022,4105 E Florida Ave.,Suite 301 Suite 301,Denver,CO,80222,
"COLUMBINE MEDICAL EQUIPMENT, INC",20156000322,03/20/2021,03/20/2022,802 West Drake Rd,Suite 123,Fort Collins,CO,80526,
"CORAM ALTERNATE SITE SERVICES, INC. DBA CORAM CVS/SPECIALTY INFUSION SERVICES",20146000486,02/09/2022,02/09/2023,12450 East Arapahoe Rd,Suite A1,Centennial,CO,80112,3971
SKY MEDICAL SUPPLIES LLC,20216001149,10/20/2021,10/20/2022,8340 Northfield Blvd,Unit 1680,Denver,CO,80238,
SOUNDVIEW MEDICAL SUPPLY LLC,20186000902,09/20/2021,09/20/2022,809 9th St,,Greeley,CO,80631,
WALGREENS #12805,20156000782,08/28/2021,08/28/2022,499 E Hampden Ave,Suite 150,Englewood,CO,80113,
WALGREENS #13100,20156000785,08/28/2021,08/28/2022,1601 E 19th Ave,Suite 4650,Denver,CO,80218,
"VETERANS CHOICE MEDICAL EQUIPMENT, LLC",20176000464,06/14/2021,06/14/2022,729 Fortino Blvd,Suite C,Pueblo,CO,81008,
WALGREENS #06111,20156000676,08/21/2021,08/21/2022,309 N Us Hwy 287,,Lafayette,CO,80026,
WALGREENS #06731,20156000688,08/21/2021,08/21/2022,4305 E Platte Ave,,Colorado Springs,CO,80915,
"BYRAM HEALTHCARE CENTERS, INC.",20156000904,09/29/2021,09/29/2022,1111 W Evans Ave.,Unit A,Denver,CO,80223,4054
WALGREENS #03867,20156000647,08/21/2021,08/21/2022,6200 E Colfax,,Denver,CO,80220,
HARTMAN BROTHERS INC,20156000216,02/13/2022,02/13/2023,524 North 1st St,,Montrose,CO,81401,
WALGREENS #09564,20156000724,08/21/2021,08/21/2022,2370 W Eisenhower Blvd,,Loveland,CO,80537,
WALGREENS #12683,20156000780,08/28/2021,08/28/2022,2870 28th St,,Boulder,CO,80301,
"VETERANS CHOICE MEDICAL EQUIPMENT, LLC",20176000459,06/14/2021,06/14/2022,177 Craft Dr,Suite 104,Alamosa,CO,81101,
COLORADO ORTHOTIC & PROSTHETIC SERVICES D/B/A  EVERGREEN PROSTHETICS & ORTHOTICS,20156000164,02/12/2022,02/12/2023,255 Union Blvd,Suite 470,Lakewood,CO,80228,1833
"WMK, LLC",20196000929,09/20/2021,09/20/2022,1640 S Abilene St,,Aurora,CO,80012,
RANDY L SMITH DBA C&R MEDICAL,20176000794,02/10/2022,02/10/2023,2908 Se Loop 820,,Fort Worth,TX,76140,
WALGREENS #09199,20156000716,08/21/2021,08/21/2022,7392 Mclaughlin Rd,,Falcon,CO,80831,
WALGREENS #06883,20156000693,08/21/2021,08/21/2022,12700 W 32nd Ave,,Wheat Ridge,CO,80033,
WALGREENS #06987,20156000696,08/21/2021,08/21/2022,355 W Wilcox St,,Castle Rock,CO,80104,
"CLOUD CITY MEDICAL, INC.",20186000124,02/10/2022,02/10/2023,331 Us Hwy 24,,Leadville,CO,80461,
WALGREENS #12864,20156000783,08/27/2021,08/27/2022,490 Erie Pkwy,,Erie,CO,80516,
WALGREENS #04025,20156000649,08/21/2021,08/21/2022,519 W 120th Ave.,,Westminster,CO,80020,
WALGREENS #04952,20156000663,08/21/2021,08/21/2022,6141 W Broadway,,Highlands Ranch,CO,80129,
"VETERANS CHOICE MEDICAL EQUIPMENT, LLC",20176000463,06/14/2021,06/14/2022,4715 Town Center Dr,Suite A & B,Colorado Springs,CO,80916,
WALGREENS #12423,20156000779,08/28/2021,08/28/2022,123 E Belleview Ave,,Englewood,CO,80113,
WALGREENS #13968,20156000787,08/27/2021,08/27/2022,7551 West Alameda Ave,,Lakewood,CO,80226,
WALGREENS #09767,20156000734,08/21/2021,08/21/2022,1855outhgate Rd,,Colorado Springs,CO,80906,
GRAND MESA MEDICAL SUPPLY LLC,20226000217,02/15/2022,02/15/2023,1708 North Avenue,,Grand Junction,CO,81501,
PREMIER MEDICAL CORPORATION,20156000220,02/19/2022,02/19/2023,5055 E 48th Ave.,,Denver,CO,80005,
STRIDE PROSTHETICS LLC,20216000194,02/23/2022,02/23/2023,301 N Main St,Suite 110,Pueblo,CO,81003,
"QUANTUM MEDICAL SUPPLY, INC",20226000228,02/22/2022,02/22/2023,1818 S Australian Ave,Suite 301,West Palm Beach,FL,33408,
"LINCARE PHARMACY SERVICES, INC., WHOLLY OWNED SUBSIDIARY OF LINCARE INC.",20156000110,02/24/2022,02/24/2023,19387 Us Hwy 19 N,,Clearwater,FL,33764,
WALGREENS #03589,20156000645,08/21/2021,08/21/2022,5870 S Kipling Pkwy,,Littleton,CO,80127,
"ZYNEX MEDICAL, INC.",20156000132,05/02/2021,05/02/2022,9655 Maroon Cir,,Englewood,CO,80112,
WESTPEAK MOBILITY LLC,20176000321,04/27/2021,04/27/2022,903 E Filmore St,,Colorado Springs,CO,80907,
UNIVERSALMED SUPPLY,20156000224,02/17/2022,02/17/2023,7625 W 5th Ave,204n,Lakewood,CO,80226,
HAND THERAPY OF COLORADO,20156000526,07/08/2021,07/08/2022,3333 S Bannock St,Suite 770,Englewood,CO,80110,
"CAROLINA 2 COLORADO MEDICAL SOLUTIONS, COLORADO MEDICAL SOLUTIONS, CAROLINA MEDICAL SOLUTIONS LLC",20156000325,04/28/2021,04/28/2022,1257 Lake Plaza Dr,Suite 130,Colorado Springs,CO,80906,
WALGREENS #03655,20156000646,08/21/2021,08/21/2022,10501 E Colfax Ave.,,Aurora,CO,8000,
WORLDWIDE MEDICAL SUPPLY,20206000136,02/25/2022,02/25/2023,10890 Edartmouth Ave,Unit I H,Denver,CO,80014,
WALGREENS #07253,20156000704,08/21/2021,08/21/2022,18550 E 48th Ave,,Denver,CO,80249,
"HANGER PROSTHETICS & ORTHOTICS WEST, INC.",20156000232,02/23/2022,02/23/2023,1300 South Potomac St,,Aurora,CO,80012,6166
PEAK PHYSICAL THERAPY OF HIGHLANDS,20176000415,07/09/2021,07/09/2022,200 W County Line Rd,Suite 130,Littleton,CO,80129,
"DJO, LLC",20166000826,02/15/2022,02/15/2023,3151 Scott St,,Vista,CA,92081,
WALGREENS #09598,20156000731,08/21/2021,08/21/2022,1041 Main St,,Longmont,CO,80501,
FRIENDS WITH DISABILITIES LLC DBA FWD MOBILITY,20216000369,04/12/2021,04/12/2022,13900 E Florida Ave,Suite D,Aurora,CO,80012,
PEAK REHABILITATION OF DENVER LLC,20176000418,07/09/2021,07/09/2022,16522 Keystone Blvd,Unit N,Parker,CO,80134,
"DME SUPPLY USA LLC, WHOLLY OWNED SUBSIDIARY OF AND COMMONLY OWNED WITH LINCARE INC.",20176000246,03/24/2021,03/24/2022,720 Moorefield Park Dr,Suite 130,North Chesterfield,VA,23236,
WALGREENS #10116,20156000745,08/21/2021,08/21/2022,3067 S Sheridan Blvd,,Denver,CO,80227,
ENTECH MEDICAL CORP,20196000807,08/08/2021,08/08/2022,1910 D St,,La Verne,CA,91750,
SDL MEDICAL SUPPLY,20206000272,03/18/2021,03/18/2022,1924 Wadsworth Blvd,,Lakewood,CO,80214,
"MEDEQUIP, INC",20216000216,03/02/2022,03/02/2023,40928 Hwy 6,Suite 2d,Avon,CO,81620,
"NORTH COAST MEDICAL SUPPLY, LLC DBA ADVANCED DIABETES SUPPLY",20216000998,09/02/2021,09/02/2022,2544 Campbell Place Ste 150,,Carlsbad,CA,92009,
WALGREENS #10308,20156000752,08/26/2021,08/26/2022,1300 14th St,Sw,Loveland,CO,80537,
WALGREENS #09565,20156000725,08/21/2021,08/21/2022,2614 S College Ave,,Fort Collins,CO,80525,
WALGREENS #12100,20156000776,08/28/2021,08/28/2022,7930 Wadworth Blvd,,Arvada,CO,80003,
WALGREENS #07581,20156000708,08/21/2021,08/21/2022,7311 E 29th Dr,,Denver,CO,80238,
WALGREENS #09768,20156000735,08/21/2021,08/21/2022,7390 Rangewood Dr,,Colorado Springs,CO,80918,
WALGREENS #12918,20156000784,08/28/2021,08/28/2022,4745 Arapahoe Ave,Suite 120,Boulder,CO,80303,
WALGREENS #10935,20156000621,08/21/2021,08/21/2022,300 S Federal Blvd,,Denver,CO,80219,
PINNACLE MEDICAL SUPPLIES LLC,20226000235,02/25/2022,02/25/2023,"14261 E 4th Ave Building 6,suite 6-285","Suite285, Bldg 6",Aurora,CO,80011,
WALGREENS #11477,20156000769,08/28/2021,08/28/2022,4470 Royal Pine Dr,,Colorado Springs,CO,80920,
"HANGER PROSTHETICS & ORTHOTICS, INC.",20216000198,02/23/2022,02/23/2023,4105 Briargate Pkwy,Suite 110,Colorado Springs,CO,80920,3482
ALPINAIRE HEALTHCARE,20156000295,05/14/2021,05/14/2022,1915 Airport Rd,#101,Breckenridge,CO,80424,
GRACE MEDICAL SUPPLIES,20156000550,08/12/2021,08/12/2022,3191 S Vaughn Way Ste 101,,Aurora,CO,80014,
PACIFIC PULMONARY SERVICES,20156000863,09/21/2021,09/21/2022,723 North Custer Ave,,Grand Island,NE,68803,
TRACEY'S BOUTIQUE,20196000501,07/12/2021,07/12/2022,7862 North Academy Blvd,,Colorado Springs,CO,80920,
"PATIENT'S CHOICE, LLC",20156000219,02/17/2022,02/17/2023,7100 Broadway Bldg 7 Unit I,,Denver,CO,80221,
"BYRAM HEALTHCARE CENTERS, INC",20166000995,09/29/2021,09/29/2022,3973 S State St,,S Salt Lake,UT,84115,
"BYRAM HEALTHCARE CENTERS, INC.",20176000301,04/14/2021,04/14/2022,5302 Rancho Rd,,Huntington Beach,CA,92831,
MEDICAL EQUIPMENT AND SUPPLIES OF AMERICA LLC,20156000258,03/04/2022,03/04/2023,12035 34th St,Suite 1n,Saint Petersburg,CO,33716,
"NEUROTECH NA, INC",20166000940,09/10/2021,09/10/2022,11220 Assett Loop,Suite 210,Manassas,VA,20109,7914
WALGREENS #05794,20156000673,08/21/2021,08/21/2022,303 S Cir,Dr,Colorado Springs,CO,80910,
ARVADA PHARMACY AND MEDICAL SUPPLY,20196000238,03/14/2022,03/14/2023,10382 Ralston Rd,,Arvada,CO,80004,
BANNER HOME MEDSOLUTIONS,20206000911,08/25/2021,08/25/2022,1990 59th Ave,Suite 200,Greeley,CO,80634,9654
ABILITIES UNLIMITED INC,20166000251,03/14/2022,03/14/2023,245 Parkside Dr,,Colorado Springs,CO,80910,
WALGREENS #02482,20156000629,08/21/2021,08/21/2022,1830 30th St,,Boulder,CO,80301,
"RGH ENTERPRISES, LLC.",20156000297,03/12/2022,03/12/2023,8440 Concord Center Dr,Suite 101,Englewood,CO,80112,
WALGREENS #09393,20156000721,08/21/2021,08/21/2022,1609 Fremont Dr,,Canon City,CO,81212,
ONE STOP HOME CARE LLC,20226000275,03/10/2022,03/10/2023,10630 E Bethany Dr,,Aurora,CO,80014,
WALGREENS #09034,20156000715,08/21/2021,08/21/2022,6603 Wadsworth Blvd,,Arvada,CO,80003,
WALGREENS #11863,20156000773,08/28/2021,08/28/2022,3143 W Colorado Ave,,Colorado Springs,CO,80904,
WALGREENS #09569,20156000729,08/21/2021,08/21/2022,958 Hailey Ln,,Pueblo West,CO,81007,
"OPTION 1 NUTRITION SOLUTIONS, LLC DBA AVEANNA HEALTHCARE MEDICAL SOLUTIONS",20156000256,03/05/2022,03/05/2023,4990 Nome St,Suite B,Denver,CO,80239,
ORTHOFIX US LLC,20156000282,03/09/2022,03/09/2023,3451 Plano Pkwy,,Lewisivlle,TX,75056,
WALGREENS #12024,20156000775,08/28/2021,08/28/2022,15320 Hampden Ave,,Aurora,CO,80013,
"VETERANS CHOICE MEDICAL EQUIPMENT, LLC",20186000259,03/29/2021,03/29/2022,401 E Main St.,,Trinidad,CO,81082,
SLEEP CENTRAL,20216000323,03/30/2021,03/30/2022,104 Max Hurt Dr,,Murray,KY,42071,
WALGREENS #18391,20176000895,09/22/2021,09/22/2022,2870 S Colorado Blvd,,Denver,CO,80222,
"MEDSTAR DIABETIC SUPPLY, LP DBA CCS MEDICAL",20216000254,03/08/2022,03/08/2023,6655 W Jewell Ave,Suite 206,Lakewood,CO,80232,
OPEN ARMS PAIN CLINIC,20196000752,08/03/2021,08/03/2022,3425 Austin Bluffs Pkwy,,Colorado Springs,CO,80918,
CAPITOL MEDICAL SUPPLY,20216000398,04/23/2021,04/23/2022,2478 Patterson Rd Suite 10,,Grand Junction,CO,81505,
"VETERANS CHOICE MEDICAL EQUIPMENT, LLC",20176000466,06/14/2021,06/14/2022,1410 Valley View Dr,Suite 306,Delta,CO,81416,
ABILITIES UNLIMITED OF DENVER LLC,20166000252,03/14/2022,03/14/2023,4105 E Florida Ave.,Suite 301 Suite 301,Denver,CO,80222,
WALGREENS #11448,20156000768,08/28/2021,08/28/2022,13123 East 16th Ave,,Aurora,CO,80045,
RCC MEDICAL SUPPLY,20156000269,03/05/2022,03/05/2023,3109 35th Ave,Suite C,Greeley,CO,80634,
"ORTHOTIC PROSTHETIC SOLUTIONS, LLC",20156000464,06/14/2021,06/14/2022,1015 Robertson St,,Fort Collins,CO,80524,
WALGREENS #04667,20156000659,08/21/2021,08/21/2022,1601 W 84th Ave,,Federal Heights,CO,80260,
FLATIRONS WHEELCHAIRS AND SCOOTERS LLC,20206000326,05/05/2021,05/05/2022,7350 West 88th Ave,Unit A,Arvada,CO,80003,
WALGREENS #09570,20156000730,08/21/2021,08/21/2022,570 Us Hwy 287,,Broomfield,CO,80020,
WALGREENS #04596,20156000657,08/21/2021,08/21/2022,1920 S Chelton Rd,,Colorado Springs,CO,80916,
WISDOM MEDICAL INC/SUPPLY,20156000281,06/15/2021,06/15/2022,2620 S Parker Road #160,Suite160,Aurora,CO,80014,
WALGREENS #03489,20156000637,08/21/2021,08/21/2022,9390 S University Blvd,,Highlands Ranch,CO,80126,
"DEGC ENTERPRISES (U.S.), INC. DBA CCS MEDICAL",20216000257,03/08/2022,03/08/2023,6655 W Jewell Ave,Suite 218,Lakewood,CO,80232,
ULTIMATE HEALTH MEDICAL CLINIC INC.,20206000500,05/29/2021,05/29/2022,7735 W Long Dr,Suite 12,Littleton,CO,80123,
"RELIABLE MEDICAL SOLUTIONS, LLC",20216000312,03/26/2021,03/26/2022,1227 Lake Plaza Dr,Suite A,Colorado Springs,CO,80906,
KYTO INC DBA MOBILITY AND MORE,20216000815,07/23/2021,07/23/2022,493 N Denver Ave,,Loveland,CO,80524,
WALGREENS #01306,20156000626,08/21/2021,08/21/2022,11605 W Belleview Ave,,Littleton,CO,80127,
"LITTLE'S LOVING HOME SERVICES, INC.",20166000284,03/26/2021,03/26/2022,14231 E 4th Ave.,Suite 218,Aurora,CO,80011,
MDS MEDICAL DEVICE SPECIALTY INC.,20156001000,03/10/2022,03/10/2023,270 W 500 N,,North Salt Lake,UT,84054,2769
2ND HOME MEDICAL SUPPLIES LLC,20216001076,09/27/2021,09/27/2022,3138 South Parker Rd,,Aurora,CO,80014,
WALGREENS #03914,20156000648,08/21/2021,08/21/2022,5755 Constitution Ave,,Colorad Springs,CO,80915,
ABILITIES UNLIMITED INC,20166000251,03/14/2021,03/14/2022,245 Parkside Dr,,Colorado Springs,CO,80910,
WALGREENS #05547,20156000667,08/21/2021,08/21/2022,350 N Union,,Colorado Springs,CO,80909,
WALGREENS #04894,20156000662,08/21/2021,08/21/2022,8799 Washington St,,Thorton,CO,80229,
WALGREENS #04709,20156000660,08/21/2021,08/21/2022,280 Main St,,Colorado Springs,CO,80911,
WALGREENS #10739,20156000760,08/28/2021,08/28/2022,15310 E Colfax Ave,,Aurora,CO,80011,
"NATIONAL SEATING & MOBILITY, INC.",20206000483,05/22/2021,05/22/2022,2387 River Rd Ste 130,,Grand Junction,CO,81505,1350
WALGREENS #03585,20156000643,08/21/2021,08/21/2022,6820 Centennial,,Colorado Springs,CO,80919,
"VETERANS CHOICE MEDICAL EQUIPMENT, LLC",20176000454,06/14/2021,06/14/2022,3265 S Wadsworth Blvd,"Bldg 2, Unit J",Lakewood,CO,80227,
WALGREENS #04469,20156000655,08/21/2021,08/21/2022,15301 E Mississippi Ave,,Aurora,CO,80017,
"FRONTIER ACCESS & MOBILITY SYSTEMS, INC",20216000979,08/27/2021,08/27/2022,819 E Mulberry St.,,Fort Collins,CO,80524,
"VETERANS CHOICE MEDICAL EQUIPMENT, LLC",20176000467,06/14/2021,06/14/2022,515 E Burlington Ave,Suite B,Fort Morgan,CO,80701,
DENISE V. LYONS,20216001216,11/12/2021,11/12/2022,3425 E 28th Ave.,,Denver,CO,80205,
"MEDLINE INDUSTRIES, LP",20156000827,09/04/2021,09/04/2022,21111 E 36th Dr,,Aurora,CO,80011,
"BYRAM HEALTHCARE CENTERS, INC.",20176000386,05/18/2021,05/18/2022,10830 N Central Expy,Suite 152,Dallas,TX,75231,
ASCENT HEALTH SERVICES LLC,20186001057,11/17/2021,11/17/2022,1611 Alma,Office 1,Pueblo,CO,81004,
"HOME MEDICAL SUPPLIES, INC.",20156000026,11/23/2021,11/23/2022,8600 Park Meadows Dr,Suite 50,Lone Tree,CO,80124,
MEDSOURCE LLC,20176001145,11/23/2021,11/23/2022,75 Printers Parkway,Suite 120,Colorado Springs,CO,80910,
GOLDIN PHARMACY AND MEDICAL SUPPLY,20166000158,11/24/2021,11/24/2022,909 Soneida St,Unit 11,Denver,CO,80224,
"PHYSICIAN'S CHOICE MEDICAL, LLC",20156000191,11/25/2021,11/25/2022,7000 Broadway #200,,Denver,CO,80221,
"ELEVATION MEDICAL SUPPLY, LLC",20166001188,12/02/2021,12/02/2022,140 Talamine Ct,,Colorado Springs,CO,80907,
SPECIAL NEEDS NETWORK,20216001301,12/02/2021,12/02/2022,11919 1-70 Frontage Rd N,126,Wheat Ridge,CO,80033,
"AFFECTRIX, LLC",20216001319,12/07/2021,12/07/2022,12550 W Colfax Ave,Suite 113-115,Lakewood,CO,80215,
OREGON ORTHOTIC SERVICE,20176001109,12/08/2021,12/08/2022,126 W 5th Ave,,Denver,CO,80204,5105
ROBERTS HOME MEDICAL LLC,20196001175,12/07/2021,12/07/2022,20465 Seneca Meadows Pkwy,,Germantown,MD,20876,7005
"HILL-ROM COMPANY, INC.",20176001051,12/09/2021,12/09/2022,14175 E 42nd Ave,Suite 30,Denver,CO,80239,
RAPID MEDICAL LLC,20216001322,12/07/2021,12/07/2022,950 Eagleridge Blvd,,Pueblo,CO,81008,
"HILL-ROM COMPANY, INC.",20176001050,12/09/2021,12/09/2022,4870 Centennial Blvd,Suite 128,Colorodo Springs,CO,80919,
"HILL-ROM COMPANY, INC.",20176001054,12/09/2021,12/09/2022,565 25th Rd,Suite 107,Grand Junction,CO,81505,
RED ROCK MEDICAL SUPPLY,20216001367,12/13/2021,12/13/2022,5885 E Stapleton Dr,Suite C-308n,Denver,CO,80216,3311
APRIA HEALTHCARE LLC,20146000481,12/16/2021,12/16/2022,385 S Pierce Ave,Suite A,Louisville,CO,80027,
"LANTZ MEDICAL, INC.",20146000488,12/15/2021,12/15/2022,7750 Zionsville Rd Ste 800,Suite 800,Indianapolis,IN,46268,
APRIA HEALTHCARE LLC,20146000477,12/16/2021,12/16/2022,11600 E 53rd Ave,Suite D,Denver,CO,80239,
"US MED, LLC",20146000495,12/18/2021,12/18/2022,4600 Ssyracuse St,Suite 934,Denver,CO,80237,
APRIA HEALTHCARE LLC,20146000476,12/15/2021,12/15/2022,6325 Corporate Dr,,Colorado Springs,CO,80919,
"TENDER CARE PEDIATRIC SERVICES, INC DBA-TENDER CARE MEDICAL SUPPLY",20146000503,12/20/2021,12/20/2022,5677 Boeing Dr,,Loveland,CO,80538,
RESPIRONICS COLORADO INC,20146000491,12/18/2021,12/18/2022,12301 N Grant St,Unit 190,Thornton,CO,80241,
APRIA HEALTHCARE LLC,20146000479,12/16/2021,12/16/2022,5365 South Alkire Cir,Suite 100,Littleton,CO,80127,
UCHEALTH PHARMACY - MEMORIAL HOSPITAL NORTH,20206001312,12/15/2021,12/15/2022,4050 Briargate Pkwy,Room C1318,Colorado Springs,CO,80920,
APRIA HEALTHCARE LLC,20146000482,12/16/2021,12/16/2022,860 Osage St,,Sidney,NE,69162,
SLEEP THERAPEUTICS LLC DBA COLORADO SLEEP INSTITUTE DME,20146000512,12/20/2021,12/20/2022,4895 Riverbend Rd,Suite B,Boulder,CO,80301,
APRIA HEALTHCARE LLC,20146000487,12/16/2021,12/16/2022,2956 North Ave,Suites 2-3,Grand Junction,CO,81504,
VERUS HEALTHCARE LLC,20146000502,12/18/2021,12/18/2022,5050 Edison Ave,Suite 116,Colorado Springs,CO,80915,3544
APRIA HEALTHCARE LLC,20146000475,12/15/2021,12/15/2022,7367 S Revere Pkwy,Suite 2c,Centennial,CO,80112,
SHIELD DENVER HEALTH CARE INC.,20146000506,12/22/2021,12/22/2022,18150 East 32nd Place Unit C,,Aurora,CO,80011,
"PVHS HOME MEDICAL SUPPLY LLC, DBA MAJOR MEDICAL",20146000518,12/22/2021,12/22/2022,1420 Riverside Ave,Suite 108,Fort Collins,CO,80524,
APRIA HEALTHCARE LLC,20146000554,12/24/2021,12/24/2022,420 W 67th St,,Loveland,CO,80538,
"ROCKY MOUNTAIN MEDICAL EQUIPMENT LLC, DBA MAJOR MEDICAL",20146000514,12/22/2021,12/22/2022,1649 Main St,,Longmont,CO,80501,
"ROCKY MOUNTAIN MEDICAL EQUIPMENT INC., DBA MAJOR MEDICAL",20146000520,12/22/2021,12/22/2022,3245 South Wadsworth Blvd,,Lakewood,CO,80227,
"MANUEL ENTERPRISES, INC. DBA NEPENTHE HOME MEDICAL EQUIPMENT",20146000523,12/27/2021,12/27/2022,1969 W Uintah St,,Colorado Springs,CO,80904,
APRIA HEALTHCARE LLC,20146000555,12/24/2021,12/24/2022,1005 West 6th St,,Pueblo,CO,81003,
HIGH PLAINS MEDICAL LLC,20206001336,12/23/2021,12/23/2022,914 11th Ave,,Greeley,CO,80631,
AEROCARE HOLDINGS LLC,20146000528,12/22/2021,12/22/2022,4785 Elati St,Suite 40,Denver,CO,80216,
FAMILY MEDICAL SUPPLY,20146000551,12/24/2021,12/24/2022,14241 E 4th Ave,Suite 150,Aurora,CO,80011,
BANNER HOME MEDICAL EQUIPMENT,20146000562,12/30/2021,12/30/2022,1990 59th Ave,Suite 300,Greeley,CO,80634,
"OPTION CARE ENTERPRISES, INC.",20156000105,12/28/2021,12/28/2022,345 Inverness Dr  South,"Building A, Suite 140",Englewood,CO,80112,
AMERICAN HOMEPATIENT,20146000566,12/30/2021,12/30/2022,19387 Us Hwy 19 N,,Clearwater,FL,33764,
SIZEWISE RENTALS LLC,20156000001,01/02/2022,01/02/2023,204 West 2nd Po Box 320,,Ellis,KS,67637,
"THE MEDCOM GROUP, LTD.",20146000558,12/31/2021,12/31/2022,541 East Garden Dr,Unit Q,Windsor,CO,80550,
CARAID CORPORATION,20216001415,12/30/2021,12/30/2022,10103 Ridgegate Pkwyt,Suite 260,Centennial,CO,80112,
"OWENS & MINOR DISTRIBUTION, INC.",20216000010,01/05/2022,01/05/2023,437 Tower Blvd,,Carol Stream,IL,60188,
SLEEP RX LLC,20156000049,01/08/2022,01/08/2023,5150 N Union Blvd,Suite 103b,Colorado Springs,CO,80918,
"MP TOTALCARE SERVICES, INC. DBA CCS MEDICAL",20156000050,01/09/2022,01/09/2023,6655 W Jewell Ave,Suite 214,Lakewood,CO,80232,
APRIA HEALTHCARE LLC,20156000041,01/08/2022,01/08/2023,26220 Enterprise Ct,,Lake Forest,CA,92630,
PANORAMA ORTHOPEDICS AND SPINE CENTER,20216001414,01/03/2022,01/03/2023,660 Golden Ridge Rd,Suite.250,Golden,CO,80401,
ROCKY MOUNTAIN RESPIRATORY RESOURCE,20156001252,01/06/2022,01/06/2023,11050 Spotswood Ter,,Peyton,CO,80831,
EASE-E MEDICAL INC,20146000559,01/05/2022,01/05/2023,731 S 8th St,,Canon City,CO,81212,
ASCENT RESPIRATORY CARE,20146000580,01/04/2022,01/04/2023,6595 S Dayton St,1000,Greenwood Village,CO,80111,
SCLP COMMUNITY FOOT AND ANKLE CLINIC,20206000012,01/06/2022,01/06/2023,11900 Grant St,Suite 220,Northglenn,CO,80233,
FAMILY HEALTH WEST DURABLE MEDICAL EQUIPMENT,20226000017,01/04/2022,01/04/2023,551 Kokopelli Blvd,Unit H,Fruita,CO,81521,
UNITED SEATING AND MOBILITY DBA NUMOTION,20146000620,01/08/2022,01/08/2023,13450 Smith Rd,Suite 600a,Aurora,CO,80011,2045
"SOWASH OPTOMETRY GROUP, P.C.",20146000560,01/08/2022,01/08/2023,700 Colorado Blvd,#274,Denver,CO,80206,
"NATIONWIDE MEDICAL, INC.",20156000040,01/08/2022,01/08/2023,5150 N Union Blvd.,,Colorado Springs,CO,80918,
"SPECIALIZED MEDICAL SERVICES, INC.",20166000025,01/06/2022,01/06/2023,7340 South Alton Way,Suite L,Centennial,CO,80112,
INOGEN INC,20146000633,01/05/2022,01/05/2023,2600 S Parker Rd,Suite 5-151,Aurora,CO,80014,
"FOUNDERS HEALTHCARE, LLC DBA PREFERRED HOMECARE",20156000021,01/07/2022,01/07/2023,6900 W Jefferson Ave,Suite 125,Lakewood,CO,80235,2002
PACIFIC PULMONARY SERVICES,20156000009,01/05/2022,01/05/2023,5616 N Union Blvd,,Colorado Springs,CO,80918,1940
ROTHALL INC,20156000024,01/11/2022,01/11/2023,1951 Lake Ave,,Pueblo,CO,81004,
"KCI USA, INC. DBA 3M MEDICAL SOLUTIONS",20156000064,01/14/2022,01/14/2023,11601 Pellicano Dr,Suite B4,El Paso,TX,79936,
"UNITED STATES MEDICAL SUPPLY, LLC",20146000494,01/17/2022,01/17/2023,4600 Ssyracuse Street,Suite 934,Denver,CO,80237,
"KCI USA, INC. DBA 3M MEDICAL SOLUTIONS",20156000066,01/14/2022,01/14/2023,2412 E Randol Mill Rd.,,Arlington,TX,76011,
"KCI USA, INC. DBA 3M MEDICAL SOLUTIONS",20156000063,01/14/2022,01/14/2023,1500 W Hampden Ave.,Suite 5e,Sheridan,CO,80110,2075
"SUMMIT OXYGEN, INC.",20156000015,01/12/2022,01/12/2023,91 Redtail Ct,117 S. 6th Ave. Suite A-1,Dillon,CO,80435,
"ENDOVASCULAR CONSULTANTS OF COLORADO, PC",20226000090,01/14/2022,01/14/2023,8080 Park Meadows Dr,Suite 150,Lone Tree,CO,80124,
"ADVANCED MEDICAL SOLUTIONS, INC",20156000080,01/16/2022,01/16/2023,2232 North Wahsatch Ave,,Colorado Springs,CO,80907,
"KCI USA, INC. DBA 3M MEDICAL SOLUTIONS",20156000065,01/15/2022,01/15/2023,616 Elkton Dr,,Colorado Springs,CO,80907,3514
MEDICAL PRODUCT DISTRIBUTION,20226000089,01/14/2022,01/14/2023,8080 Park Meadows Dr,Suite 150,Lone Tree,CO,80124,
MURPHY TIME INC.,20156000048,01/20/2022,01/20/2023,2121 W 84th Ave,#206,Federal Heights,CO,80260,
UCHEALTH SPRINGS PHARMACY,20206001328,01/19/2022,01/19/2023,1400 E Boulder St,Room 1160,Colorado Springs,CO,80909,
MEDSTUFF INC - DENVER,20146000501,01/19/2022,01/19/2023,7150 Leetsdale Dr,Suits 312 & 316,Denver,CO,80224,
"AEROFLOW, INC",20156000204,01/24/2022,01/24/2023,65 Beale Rd,,Arden,NC,28704,9213
"OXYGEN PLUS, INC.     DBA:  SUMMIT RESPIRATORY",20156000100,01/22/2022,01/22/2023,4740 Forge Rd,Suite 100 & 102,Colorado Springs,CO,80907,
"OXYGEN PLUS, INC.     DBA:  SUMMIT RESPIRATORY",20156000099,01/22/2022,01/22/2023,3265 S Wadsworth Blvd.,"Bldg. 2, Suite J",Lakewood,CO,80227,
"SUNMED MEDICAL SYSTEMS, LLC",20196000093,01/22/2022,01/22/2023,36 W Route 70,Suite 214,Marlton,NJ,8053,
"ROTH MEDICAL, INC.     DBA:  SUMMIT RESPIRATORY",20156000102,01/22/2022,01/22/2023,4715 Town Center Dr,Suites A & B,Colorado Springs,CO,80916,
ARVADA SPORT AND SPINE GROUP,20216000074,01/19/2022,01/19/2023,12189 W 64 Ave,Suite 102,Arvada,CO,80004,
MOUNTAIN AIRE MEDICAL SUPPLY INC.,20156000038,01/19/2022,01/19/2023,2490 Patterson Suite 5,,Grand Junction,CO,81505,
"ROTH MEDICAL, INC.     DBA:  SUMMIT RESPIRATORY",20156000101,01/22/2022,01/22/2023,9540 E Jewell Ave.,Suite C,Denver,CO,80247,
"BREG, INC.",20166000101,01/19/2022,01/19/2023,2452 S Trenton Way,Unit C,Denver,CO,80231,
PALMETTO OXYGEN LLC,20186000040,01/19/2022,01/19/2023,220 W Germantown Pike Ste 250,Suite A,Plymouth Meeting,SC,19462,
"ROTH MEDICAL, INC.    DBA:  ROTH MEDICAL",20156000103,01/22/2022,01/22/2023,729 Fortino Blvd,Suite C,Pueblo,CO,81008,
